model,seed,scenario,category,task,threshold,balanced_brier,balanced_nll,balanced_ece,uncertainty_error_auc,credible_confident_fraction,credible_selective_accuracy,mean_score_std
foundation,17,one obstacle,ID,0,-1.5919537544250488,0.19927716255187988,0.504679799079895,0.31987327337265015,1.0,0.9501953125,1.0,0.08288773149251938
foundation,17,one obstacle,ID,1,-1.5919537544250488,0.21604867279529572,0.5411419868469238,0.33165615797042847,1.0,0.962890625,1.0,0.0820893794298172
foundation,17,one obstacle,ID,2,-1.5919537544250488,0.21653445065021515,0.5453609228134155,0.3312780261039734,0.999630905511811,0.970703125,0.9999999403953552,0.08261273056268692
foundation,17,one obstacle,ID,3,-1.5919537544250488,0.18631958961486816,0.47810953855514526,0.3109581172466278,1.0,0.9267578125,0.9999999403953552,0.08359670639038086
foundation,17,one obstacle,ID,4,-1.5919537544250488,0.2203972190618515,0.5521463751792908,0.33559778332710266,1.0,0.97265625,0.9999999403953552,0.08194595575332642
foundation,17,one obstacle,ID,5,-1.5919537544250488,0.2162667214870453,0.5429476499557495,0.33344072103500366,1.0,0.9658203125,1.0,0.08295916765928268
foundation,17,one obstacle,ID,6,-1.5919537544250488,0.20389395952224731,0.5174232125282288,0.3236874043941498,0.9992110453648915,0.947265625,1.0,0.08370257914066315
foundation,17,one obstacle,ID,7,-1.5919537544250488,0.1934560239315033,0.4914909303188324,0.31276530027389526,1.0,0.947265625,1.0,0.08195589482784271
foundation,17,one obstacle,ID,8,-1.5919537544250488,0.19776810705661774,0.5015872716903687,0.31765034794807434,1.0,0.9423828125,1.0,0.08313769102096558
foundation,17,one obstacle,ID,9,-1.5919537544250488,0.20237787067890167,0.5111649036407471,0.3206513226032257,0.9999176548089591,0.9541015625,1.0,0.08243425190448761
foundation,17,one obstacle,ID,10,-1.5919537544250488,0.20559385418891907,0.518366813659668,0.3240552246570587,1.0,0.962890625,1.0,0.08265165984630585
foundation,17,one obstacle,ID,11,-1.5919537544250488,0.19149722158908844,0.4897811710834503,0.31238389015197754,0.999207135777998,0.912109375,1.0,0.08386996388435364
foundation,17,one obstacle,ID,12,-1.5919537544250488,0.19173599779605865,0.48907795548439026,0.3129343092441559,1.0,0.9462890625,1.0,0.08303866535425186
foundation,17,one obstacle,ID,13,-1.5919537544250488,0.2119743525981903,0.5303322076797485,0.3282144069671631,1.0,0.97265625,0.9999999403953552,0.08114272356033325
foundation,17,one obstacle,ID,14,-1.5919537544250488,0.20417667925357819,0.5173028111457825,0.3213231563568115,0.999671592775041,0.9658203125,1.0,0.08208617568016052
foundation,17,one obstacle,ID,15,-1.5919537544250488,0.18360237777233124,0.47183164954185486,0.30555081367492676,1.0,0.9306640625,0.9999999403953552,0.083192378282547
exact,17,one obstacle,ID,0,-1.590419054031372,0.203281968832016,0.5132291913032532,0.3218366205692291,1.0,0.9501953125,1.0,0.08288881927728653
exact,17,one obstacle,ID,1,-1.590419054031372,0.22012673318386078,0.5502145886421204,0.33460915088653564,1.0,0.9658203125,1.0,0.08209165185689926
exact,17,one obstacle,ID,2,-1.590419054031372,0.22058269381523132,0.5544070601463318,0.33420002460479736,0.999630905511811,0.970703125,0.9999999403953552,0.08261506259441376
exact,17,one obstacle,ID,3,-1.590419054031372,0.19021660089492798,0.48621174693107605,0.31172746419906616,1.0,0.9267578125,0.9999999403953552,0.08359804004430771
exact,17,one obstacle,ID,4,-1.590419054031372,0.22451196610927582,0.561370849609375,0.3385053277015686,1.0,0.974609375,1.0,0.08194509148597717
exact,17,one obstacle,ID,5,-1.590419054031372,0.22035522758960724,0.5519518256187439,0.3363245725631714,1.0,0.9658203125,1.0,0.08296151459217072
exact,17,one obstacle,ID,6,-1.590419054031372,0.20787113904953003,0.5259937047958374,0.3268345296382904,0.9992110453648915,0.947265625,1.0,0.08370386809110641
exact,17,one obstacle,ID,7,-1.590419054031372,0.19740715622901917,0.49990972876548767,0.31633126735687256,1.0,0.947265625,1.0,0.08195532113313675
exact,17,one obstacle,ID,8,-1.590419054031372,0.2017461508512497,0.510071873664856,0.320661723613739,1.0,0.9443359375,1.0,0.08313862979412079
exact,17,one obstacle,ID,9,-1.590419054031372,0.20637556910514832,0.5198031663894653,0.32365936040878296,0.9999176548089591,0.9541015625,1.0,0.08243629336357117
exact,17,one obstacle,ID,10,-1.590419054031372,0.2096356600522995,0.5271432399749756,0.3270377218723297,1.0,0.9638671875,1.0,0.08265426754951477
exact,17,one obstacle,ID,11,-1.590419054031372,0.1954018622636795,0.4979691803455353,0.3158831298351288,0.999207135777998,0.916015625,1.0,0.08387262374162674
exact,17,one obstacle,ID,12,-1.590419054031372,0.19568215310573578,0.4973905384540558,0.31619957089424133,1.0,0.9462890625,1.0,0.08304029703140259
exact,17,one obstacle,ID,13,-1.590419054031372,0.2160845845937729,0.5393380522727966,0.3314780294895172,1.0,0.97265625,0.9999999403953552,0.08114185184240341
exact,17,one obstacle,ID,14,-1.590419054031372,0.208195298910141,0.5260665416717529,0.3243330121040344,0.999671592775041,0.966796875,1.0,0.08208739757537842
exact,17,one obstacle,ID,15,-1.590419054031372,0.1874893307685852,0.47991541028022766,0.3086276948451996,1.0,0.9306640625,0.9999999403953552,0.08319267630577087
foundation,17,two obstacles,ID,0,-1.5919537544250488,0.015294311568140984,0.059847377240657806,0.029752425849437714,0.9810464192486664,0.9072265625,0.9989235401153564,0.06697787344455719
foundation,17,two obstacles,ID,1,-1.5919537544250488,0.018897000700235367,0.06938233971595764,0.02782067097723484,0.9692836407103824,0.8994140625,0.9956569075584412,0.06741169095039368
foundation,17,two obstacles,ID,2,-1.5919537544250488,0.01560986042022705,0.061419226229190826,0.02679344080388546,0.9754146057608378,0.91015625,0.995708167552948,0.06568589061498642
foundation,17,two obstacles,ID,3,-1.5919537544250488,0.008521560579538345,0.03946976363658905,0.02849602699279785,0.9874749498997997,0.9375,1.0,0.06522652506828308
foundation,17,two obstacles,ID,4,-1.5919537544250488,0.013758466579020023,0.058244623243808746,0.027624022215604782,0.983677596417738,0.9228515625,0.9989418387413025,0.06626997143030167
foundation,17,two obstacles,ID,5,-1.5919537544250488,0.019236400723457336,0.070133276283741,0.024629972875118256,0.971170431211499,0.9013671875,0.9956663250923157,0.06811423599720001
foundation,17,two obstacles,ID,6,-1.5919537544250488,0.019192298874258995,0.06976617127656937,0.022747717797756195,0.9712414744573772,0.90234375,0.9945887327194214,0.06704351305961609
foundation,17,two obstacles,ID,7,-1.5919537544250488,0.012350670993328094,0.053309038281440735,0.034359756857156754,0.9825906120023766,0.9208984375,1.0,0.06703396141529083
foundation,17,two obstacles,ID,8,-1.5919537544250488,0.015760529786348343,0.0663391649723053,0.026452459394931793,0.9773882113821137,0.9130859375,0.9957219362258911,0.06699050962924957
foundation,17,two obstacles,ID,9,-1.5919537544250488,0.018705788999795914,0.06930530071258545,0.01778123341500759,0.9726775956284153,0.9150390625,0.9914621114730835,0.06733649969100952
foundation,17,two obstacles,ID,10,-1.5919537544250488,0.010702203959226608,0.047110676765441895,0.03250362351536751,0.9807570860730339,0.9365234375,1.0,0.06716705858707428
foundation,17,two obstacles,ID,11,-1.5919537544250488,0.009230226278305054,0.04698137938976288,0.031957801431417465,0.9896696696696696,0.9443359375,1.0,0.06724779307842255
foundation,17,two obstacles,ID,12,-1.5919537544250488,0.008695852011442184,0.039008770138025284,0.02761274203658104,0.9868583320487128,0.935546875,1.0,0.0661199763417244
foundation,17,two obstacles,ID,13,-1.5919537544250488,0.0096382861956954,0.04692772775888443,0.03164846822619438,0.9873063683304647,0.927734375,0.9999999403953552,0.06689271330833435
foundation,17,two obstacles,ID,14,-1.5919537544250488,0.015188311226665974,0.062506765127182,0.03301677107810974,0.9744315148927084,0.908203125,0.998924732208252,0.06806580722332001
foundation,17,two obstacles,ID,15,-1.5919537544250488,0.011996359564363956,0.048647839576005936,0.027589280158281326,0.9851606704387745,0.9189453125,1.0,0.06671769917011261
exact,17,two obstacles,ID,0,-1.590419054031372,0.015198608860373497,0.05984942615032196,0.02704535238444805,0.981772784019975,0.90625,0.9989224076271057,0.06699417531490326
exact,17,two obstacles,ID,1,-1.590419054031372,0.01881023868918419,0.06931178271770477,0.025747794657945633,0.9682702149437052,0.8994140625,0.9967427253723145,0.06742741167545319
exact,17,two obstacles,ID,2,-1.590419054031372,0.015540537424385548,0.0614662766456604,0.027138937264680862,0.9759965085830666,0.9111328125,0.996784508228302,0.06569452583789825
exact,17,two obstacles,ID,3,-1.590419054031372,0.00842317845672369,0.03966342657804489,0.028898051008582115,0.9883227994450439,0.9375,1.0,0.06520809233188629
exact,17,two obstacles,ID,4,-1.590419054031372,0.013731931336224079,0.05855781212449074,0.028848985210061073,0.9845731619240214,0.921875,0.9989407062530518,0.06626851111650467
exact,17,two obstacles,ID,5,-1.590419054031372,0.019064201042056084,0.06978859752416611,0.023948058485984802,0.9706122448979593,0.9013671875,0.9956663250923157,0.06808662414550781
exact,17,two obstacles,ID,6,-1.590419054031372,0.019035084173083305,0.0695047676563263,0.02277117408812046,0.9721353205215397,0.9033203125,0.9945946335792542,0.0669986754655838
exact,17,two obstacles,ID,7,-1.590419054031372,0.012292980216443539,0.053581930696964264,0.03484749794006348,0.9832442067736185,0.9208984375,1.0,0.06707309186458588
exact,17,two obstacles,ID,8,-1.590419054031372,0.015738867223262787,0.06659828126430511,0.027015777304768562,0.978150406504065,0.912109375,0.9957173466682434,0.06697626411914825
exact,17,two obstacles,ID,9,-1.590419054031372,0.018579747527837753,0.06904435157775879,0.019577551633119583,0.9735954576502732,0.9140625,0.9914530515670776,0.06732098758220673
exact,17,two obstacles,ID,10,-1.590419054031372,0.010607418604195118,0.04728829115629196,0.032950568944215775,0.9812771648278169,0.9365234375,1.0,0.06715996563434601
exact,17,two obstacles,ID,11,-1.590419054031372,0.009218735620379448,0.04745463281869888,0.03342810273170471,0.9890416666666667,0.943359375,1.0,0.06723812967538834
exact,17,two obstacles,ID,12,-1.590419054031372,0.008587004616856575,0.03910738602280617,0.028842201456427574,0.9875520271311855,0.935546875,1.0,0.06610174477100372
exact,17,two obstacles,ID,13,-1.590419054031372,0.009566634893417358,0.04723481833934784,0.03300841152667999,0.9880593803786575,0.9267578125,0.9999999403953552,0.06688658148050308
exact,17,two obstacles,ID,14,-1.590419054031372,0.015079176053404808,0.0626143291592598,0.02797595225274563,0.9757392975338957,0.9091796875,0.9989259243011475,0.06805148720741272
exact,17,two obstacles,ID,15,-1.590419054031372,0.011868569999933243,0.04865560308098793,0.028691917657852173,0.9820020222446917,0.91796875,0.9999999403953552,0.06672930717468262
foundation,17,three obstacles,ID,0,-1.5919537544250488,0.018612846732139587,0.07693755626678467,0.034763213247060776,0.9636795655125594,0.87109375,1.0,0.06299316883087158
foundation,17,three obstacles,ID,1,-1.5919537544250488,0.019231192767620087,0.084048792719841,0.04322240129113197,0.9584441794330796,0.890625,0.9978070259094238,0.06216913461685181
foundation,17,three obstacles,ID,2,-1.5919537544250488,0.024759385734796524,0.0909813866019249,0.05436768755316734,0.9814158794421952,0.8916015625,1.0,0.061497047543525696
foundation,17,three obstacles,ID,3,-1.5919537544250488,0.01747630536556244,0.07583144307136536,0.04363417252898216,0.974538272659336,0.8896484375,1.0,0.06363637000322342
foundation,17,three obstacles,ID,4,-1.5919537544250488,0.01545295212417841,0.06975629925727844,0.0389428436756134,0.9769617706237425,0.9052734375,0.9999999403953552,0.06275038421154022
foundation,17,three obstacles,ID,5,-1.5919537544250488,0.026905478909611702,0.09773895144462585,0.039648666977882385,0.9701994434137291,0.8935546875,0.9978142380714417,0.06250349432229996
foundation,17,three obstacles,ID,6,-1.5919537544250488,0.01880090869963169,0.08185873925685883,0.047528717666864395,0.9712273641851107,0.8994140625,1.0,0.06292228400707245
foundation,17,three obstacles,ID,7,-1.5919537544250488,0.013945039361715317,0.06562955677509308,0.042368095368146896,0.9839439439439439,0.912109375,1.0,0.06109839677810669
foundation,17,three obstacles,ID,8,-1.5919537544250488,0.015655191615223885,0.06918653845787048,0.04151187837123871,0.9800416666666667,0.9033203125,1.0,0.06138049066066742
foundation,17,three obstacles,ID,9,-1.5919537544250488,0.020206574350595474,0.0791512131690979,0.03487405180931091,0.9758433492165091,0.87890625,1.0,0.0640333890914917
foundation,17,three obstacles,ID,10,-1.5919537544250488,0.01747525855898857,0.07545284926891327,0.04733286425471306,0.9813473100046247,0.9091796875,1.0,0.0622619092464447
foundation,17,three obstacles,ID,11,-1.5919537544250488,0.01104985922574997,0.05566076189279556,0.039571721106767654,0.9872735959692481,0.9150390625,1.0,0.06268405169248581
foundation,17,three obstacles,ID,12,-1.5919537544250488,0.013758759014308453,0.062379173934459686,0.03500997647643089,0.9775428868480333,0.8974609375,1.0,0.061134736984968185
foundation,17,three obstacles,ID,13,-1.5919537544250488,0.021507855504751205,0.08668036758899689,0.04110075905919075,0.9753455183367707,0.892578125,1.0,0.06399168074131012
foundation,17,three obstacles,ID,14,-1.5919537544250488,0.020192598924040794,0.08337339758872986,0.04404477775096893,0.9728915662650602,0.900390625,1.0,0.06298096477985382
foundation,17,three obstacles,ID,15,-1.5919537544250488,0.016515448689460754,0.07033833116292953,0.036359019577503204,0.972994652406417,0.8828125,1.0,0.06280062347650528
exact,17,three obstacles,ID,0,-1.590419054031372,0.01862568035721779,0.07726043462753296,0.03727742284536362,0.9646978954514596,0.87109375,1.0,0.06296513229608536
exact,17,three obstacles,ID,1,-1.590419054031372,0.01922760345041752,0.08427580446004868,0.044449567794799805,0.9573147681451613,0.890625,0.9978070259094238,0.062158696353435516
exact,17,three obstacles,ID,2,-1.590419054031372,0.024974433705210686,0.0918012261390686,0.05605451017618179,0.9781671406293002,0.8916015625,1.0,0.061514824628829956
exact,17,three obstacles,ID,3,-1.590419054031372,0.01751016266644001,0.0761873871088028,0.044149190187454224,0.975205508700758,0.8896484375,1.0,0.06357938796281815
exact,17,three obstacles,ID,4,-1.590419054031372,0.015478278510272503,0.07014995813369751,0.04020595923066139,0.9777330650570087,0.9052734375,0.9999999403953552,0.0626915991306305
exact,17,three obstacles,ID,5,-1.590419054031372,0.026975329965353012,0.09825095534324646,0.04021371901035309,0.9696560225683332,0.8935546875,0.9978142380714417,0.06249425187706947
exact,17,three obstacles,ID,6,-1.590419054031372,0.01891910657286644,0.08245247602462769,0.04822975769639015,0.9720657276995305,0.8994140625,1.0,0.06293942034244537
exact,17,three obstacles,ID,7,-1.590419054031372,0.014101076871156693,0.06650468707084656,0.041488151997327805,0.9833333333333334,0.9130859375,1.0,0.061090461909770966
exact,17,three obstacles,ID,8,-1.590419054031372,0.015821386128664017,0.0698799192905426,0.04232256859540939,0.9792815879772402,0.9033203125,1.0,0.061355091631412506
exact,17,three obstacles,ID,9,-1.590419054031372,0.020215794444084167,0.07937081158161163,0.036043476313352585,0.9764597112580897,0.87890625,1.0,0.06406257301568985
exact,17,three obstacles,ID,10,-1.590419054031372,0.017622293904423714,0.07614277303218842,0.048058971762657166,0.9822722367812549,0.9111328125,0.9999999403953552,0.06230190023779869
exact,17,three obstacles,ID,11,-1.590419054031372,0.01110767386853695,0.05632316321134567,0.040359869599342346,0.9852347718748516,0.916015625,1.0,0.06267926841974258
exact,17,three obstacles,ID,12,-1.590419054031372,0.013784864917397499,0.06285406649112701,0.036361198872327805,0.9785132559348466,0.896484375,1.0,0.061101071536540985
exact,17,three obstacles,ID,13,-1.590419054031372,0.021522466093301773,0.08700670301914215,0.04174083471298218,0.976080411540194,0.8935546875,1.0,0.0639721006155014
exact,17,three obstacles,ID,14,-1.590419054031372,0.020272254943847656,0.08379603922367096,0.044614411890506744,0.9733935742971888,0.900390625,1.0,0.0629662424325943
exact,17,three obstacles,ID,15,-1.590419054031372,0.016510531306266785,0.07073164731264114,0.037641365081071854,0.9711441532258065,0.8837890625,0.9999999403953552,0.06280321627855301
foundation,17,four obstacles,ID,0,-1.5919537544250488,0.029039448127150536,0.11089275777339935,0.06742975860834122,0.9852755939712461,0.88671875,0.9999999403953552,0.0579034686088562
foundation,17,four obstacles,ID,1,-1.5919537544250488,0.018720321357250214,0.08423839509487152,0.0576036237180233,0.9800277217741935,0.873046875,1.0,0.06004340201616287
foundation,17,four obstacles,ID,2,-1.5919537544250488,0.022324679419398308,0.09348691999912262,0.0735434740781784,0.9900266891417334,0.9375,1.0,0.05742437392473221
foundation,17,four obstacles,ID,3,-1.5919537544250488,0.032418180257081985,0.11896835267543793,0.05896581709384918,0.9731670077640256,0.896484375,1.0,0.059675395488739014
foundation,17,four obstacles,ID,4,-1.5919537544250488,0.0283447727560997,0.10522730648517609,0.05166139826178551,0.9642351581684241,0.8701171875,1.0,0.05908520147204399
foundation,17,four obstacles,ID,5,-1.5919537544250488,0.025935474783182144,0.1014479398727417,0.05899757891893387,0.9791597013262008,0.8974609375,1.0,0.05969130992889404
foundation,17,four obstacles,ID,6,-1.5919537544250488,0.019947322085499763,0.08291249722242355,0.0539746955037117,0.9876676676676677,0.90234375,1.0,0.059551820158958435
foundation,17,four obstacles,ID,7,-1.5919537544250488,0.019137263298034668,0.08041834831237793,0.04590507596731186,0.9787387387387387,0.9072265625,1.0,0.05730776861310005
foundation,17,four obstacles,ID,8,-1.5919537544250488,0.01917441189289093,0.08295101672410965,0.05884050205349922,0.9869352204681545,0.9052734375,0.9999999403953552,0.059338364750146866
foundation,17,four obstacles,ID,9,-1.5919537544250488,0.028916429728269577,0.10357039421796799,0.048557475209236145,0.9716539766993854,0.8828125,1.0,0.059863410890102386
foundation,17,four obstacles,ID,10,-1.5919537544250488,0.027375228703022003,0.10381818562746048,0.04802970588207245,0.9724066120005206,0.890625,1.0,0.0602966770529747
foundation,17,four obstacles,ID,11,-1.5919537544250488,0.02481580525636673,0.09344570338726044,0.057418256998062134,0.9869439301144187,0.904296875,1.0,0.057917214930057526
foundation,17,four obstacles,ID,12,-1.5919537544250488,0.03265416622161865,0.11405763030052185,0.044497858732938766,0.9662308016772945,0.880859375,0.9988913536071777,0.060897089540958405
foundation,17,four obstacles,ID,13,-1.5919537544250488,0.017008241266012192,0.08048976212739944,0.05556190758943558,0.9824811280444382,0.904296875,1.0,0.060801997780799866
foundation,17,four obstacles,ID,14,-1.5919537544250488,0.02047756500542164,0.08514992892742157,0.04311339557170868,0.969695060483871,0.8818359375,0.998892605304718,0.060066964477300644
foundation,17,four obstacles,ID,15,-1.5919537544250488,0.028639838099479675,0.10373816639184952,0.05246223509311676,0.9710338680926917,0.896484375,1.0,0.05924488976597786
exact,17,four obstacles,ID,0,-1.590419054031372,0.02914245054125786,0.11127977073192596,0.06785330176353455,0.9857533770577249,0.88671875,0.9999999403953552,0.057889871299266815
exact,17,four obstacles,ID,1,-1.590419054031372,0.01887996681034565,0.08479105681180954,0.05290139839053154,0.9778001341381624,0.8740234375,1.0,0.06002318859100342
exact,17,four obstacles,ID,2,-1.590419054031372,0.022763021290302277,0.09473960101604462,0.07499964535236359,0.9878847413228553,0.9375,1.0,0.05738242343068123
exact,17,four obstacles,ID,3,-1.590419054031372,0.032457441091537476,0.11891013383865356,0.05897626280784607,0.9731994932267811,0.896484375,1.0,0.05966116115450859
exact,17,four obstacles,ID,4,-1.590419054031372,0.0285172276198864,0.10574676841497421,0.052426908165216446,0.9653907265636285,0.87109375,1.0,0.05911168456077576
exact,17,four obstacles,ID,5,-1.590419054031372,0.025805320590734482,0.1011405736207962,0.05872878059744835,0.9809236947791165,0.8974609375,1.0,0.059729546308517456
exact,17,four obstacles,ID,6,-1.590419054031372,0.020101286470890045,0.0835685059428215,0.05525560677051544,0.9881881881881882,0.9013671875,1.0,0.05956680327653885
exact,17,four obstacles,ID,7,-1.590419054031372,0.019335560500621796,0.08112838864326477,0.0503920242190361,0.9792192192192192,0.9072265625,1.0,0.057284653186798096
exact,17,four obstacles,ID,8,-1.590419054031372,0.019083596765995026,0.08275867998600006,0.05673287436366081,0.9866630375612411,0.9052734375,0.9999999403953552,0.059346091002225876
exact,17,four obstacles,ID,9,-1.590419054031372,0.02900407463312149,0.1037297397851944,0.048521146178245544,0.9708283643702412,0.8818359375,1.0,0.05986953154206276
exact,17,four obstacles,ID,10,-1.590419054031372,0.02744346112012863,0.10408501327037811,0.04831782355904579,0.972562800989197,0.8896484375,1.0,0.06027932092547417
exact,17,four obstacles,ID,11,-1.590419054031372,0.02488817647099495,0.09373793751001358,0.06277139484882355,0.9870388833499502,0.90234375,1.0,0.05792931094765663
exact,17,four obstacles,ID,12,-1.590419054031372,0.0327753946185112,0.11466063559055328,0.04557560756802559,0.9667022306031808,0.880859375,0.9988913536071777,0.06090468168258667
exact,17,four obstacles,ID,13,-1.590419054031372,0.017092082649469376,0.08102568238973618,0.0561169758439064,0.9830033708398614,0.904296875,1.0,0.06082850694656372
exact,17,four obstacles,ID,14,-1.590419054031372,0.0208389014005661,0.08609183132648468,0.04385741055011749,0.9698525705645161,0.880859375,0.9988913536071777,0.060050372034311295
exact,17,four obstacles,ID,15,-1.590419054031372,0.028456266969442368,0.10334957391023636,0.05137457326054573,0.9735155195681511,0.896484375,1.0,0.05926183983683586
foundation,17,six obstacles,OOD count,0,-1.5919537544250488,0.08232619613409042,0.2451762855052948,0.07396183907985687,0.9558458202758101,0.787109375,0.996277928352356,0.057043373584747314
foundation,17,six obstacles,OOD count,1,-1.5919537544250488,0.06838064640760422,0.20824307203292847,0.04796303063631058,0.9579279667097145,0.8037109375,0.9927096366882324,0.057828083634376526
foundation,17,six obstacles,OOD count,2,-1.5919537544250488,0.05260435864329338,0.17066562175750732,0.053467757999897,0.9559286463798531,0.8369140625,0.9941657185554504,0.056640625
foundation,17,six obstacles,OOD count,3,-1.5919537544250488,0.06343869119882584,0.19817720353603363,0.050018198788166046,0.9564847919581326,0.802734375,0.9963503479957581,0.057209860533475876
foundation,17,six obstacles,OOD count,4,-1.5919537544250488,0.04374430328607559,0.14994433522224426,0.050753384828567505,0.9547378589619742,0.8349609375,0.9941520094871521,0.05681496113538742
foundation,17,six obstacles,OOD count,5,-1.5919537544250488,0.08424306660890579,0.2599678635597229,0.07784008234739304,0.9455858023762972,0.8076171875,0.9915357232093811,0.055936299264431
foundation,17,six obstacles,OOD count,6,-1.5919537544250488,0.031342875212430954,0.1187809482216835,0.07434777915477753,0.9700500500500501,0.873046875,1.0,0.05636101961135864
foundation,17,six obstacles,OOD count,7,-1.5919537544250488,0.053102798759937286,0.16887304186820984,0.05792238190770149,0.9595790174513142,0.822265625,0.9988123774528503,0.0573892667889595
foundation,17,six obstacles,OOD count,8,-1.5919537544250488,0.06163087487220764,0.2037920355796814,0.0654173493385315,0.948090162114146,0.7939453125,0.9987699389457703,0.057523585855960846
foundation,17,six obstacles,OOD count,9,-1.5919537544250488,0.08408502489328384,0.25365516543388367,0.07257338613271713,0.9480401400862069,0.814453125,0.9940048456192017,0.056737300008535385
foundation,17,six obstacles,OOD count,10,-1.5919537544250488,0.06419789046049118,0.201580211520195,0.07255307585000992,0.9619002347925039,0.833984375,0.9953160881996155,0.05888921767473221
foundation,17,six obstacles,OOD count,11,-1.5919537544250488,0.03760313242673874,0.12837982177734375,0.06867381930351257,0.9722655413876403,0.8896484375,1.0,0.056597623974084854
foundation,17,six obstacles,OOD count,12,-1.5919537544250488,0.0756838396191597,0.23246076703071594,0.07438282668590546,0.9524087024087025,0.8212890625,0.9952437281608582,0.05788996070623398
foundation,17,six obstacles,OOD count,13,-1.5919537544250488,0.051360391080379486,0.1744239628314972,0.06445213407278061,0.9536787022501308,0.8466796875,0.9976931810379028,0.056226179003715515
foundation,17,six obstacles,OOD count,14,-1.5919537544250488,0.0486551970243454,0.16423776745796204,0.047787778079509735,0.9521645132185963,0.8740234375,0.9888268113136292,0.055007465183734894
foundation,17,six obstacles,OOD count,15,-1.5919537544250488,0.05587204918265343,0.18359419703483582,0.06040459871292114,0.9477376302083332,0.84765625,0.9919354915618896,0.05662867799401283
exact,17,six obstacles,OOD count,0,-1.590419054031372,0.07930158078670502,0.23861953616142273,0.06934934854507446,0.9551513576718201,0.78515625,0.996268630027771,0.057463325560092926
exact,17,six obstacles,OOD count,1,-1.590419054031372,0.06714710593223572,0.2048599272966385,0.04737653583288193,0.956567626909413,0.8017578125,0.9926918745040894,0.058233361691236496
exact,17,six obstacles,OOD count,2,-1.590419054031372,0.050011392682790756,0.16474726796150208,0.04666250944137573,0.9541650461662562,0.83203125,0.9941314458847046,0.057309672236442566
exact,17,six obstacles,OOD count,3,-1.590419054031372,0.06196961551904678,0.19473044574260712,0.045908380299806595,0.9556459900522054,0.8046875,0.9951456189155579,0.057389430701732635
exact,17,six obstacles,OOD count,4,-1.590419054031372,0.04281790554523468,0.1478329300880432,0.05045721307396889,0.9564750855073436,0.8330078125,0.9929659962654114,0.05699899047613144
exact,17,six obstacles,OOD count,5,-1.590419054031372,0.08159878849983215,0.25186973810195923,0.07566525042057037,0.9419375707585316,0.8095703125,0.9903498291969299,0.0560578778386116
exact,17,six obstacles,OOD count,6,-1.590419054031372,0.030663080513477325,0.1164918839931488,0.0689774826169014,0.9687837212887314,0.8720703125,1.0,0.05645968019962311
exact,17,six obstacles,OOD count,7,-1.590419054031372,0.052243705838918686,0.16657774150371552,0.05614661052823067,0.9581180344478217,0.822265625,0.9988123774528503,0.057490378618240356
exact,17,six obstacles,OOD count,8,-1.590419054031372,0.060176149010658264,0.19856664538383484,0.06255645304918289,0.9543679500147242,0.794921875,0.9987714886665344,0.05796243995428085
exact,17,six obstacles,OOD count,9,-1.590419054031372,0.08130600303411484,0.2457277476787567,0.06696770340204239,0.9459179928602409,0.8125,0.993990421295166,0.05698276311159134
exact,17,six obstacles,OOD count,10,-1.590419054031372,0.06288792937994003,0.19739875197410583,0.0673612654209137,0.959701280227596,0.833984375,0.9953160881996155,0.05906258523464203
exact,17,six obstacles,OOD count,11,-1.590419054031372,0.03629423305392265,0.1254139393568039,0.06631647795438766,0.9745197168857432,0.8876953125,1.0,0.05681653320789337
exact,17,six obstacles,OOD count,12,-1.590419054031372,0.07465553283691406,0.229047954082489,0.07314398139715195,0.9494221056721057,0.8203125,0.9952381253242493,0.058082714676856995
exact,17,six obstacles,OOD count,13,-1.590419054031372,0.05021894350647926,0.17179477214813232,0.06134119629859924,0.9511878597592883,0.8466796875,0.9976931810379028,0.056384243071079254
exact,17,six obstacles,OOD count,14,-1.590419054031372,0.04834989085793495,0.16380086541175842,0.04607923701405525,0.9507856255213387,0.8759765625,0.9866220951080322,0.05504603683948517
exact,17,six obstacles,OOD count,15,-1.590419054031372,0.054154835641384125,0.17880037426948547,0.05849076062440872,0.9482982223065731,0.8427734375,0.9918887615203857,0.05686889961361885
foundation,17,three stars,OOD shape,0,-1.5919537544250488,0.029351886361837387,0.10211214423179626,0.035575274378061295,0.9689619475976298,0.88671875,0.9955946803092957,0.06308022141456604
foundation,17,three stars,OOD shape,1,-1.5919537544250488,0.022884950041770935,0.08752597868442535,0.034785330295562744,0.963719512195122,0.90234375,0.9978355169296265,0.06349459290504456
foundation,17,three stars,OOD shape,2,-1.5919537544250488,0.03202691674232483,0.11644227802753448,0.03193940222263336,0.9645702306079663,0.861328125,0.9943310618400574,0.06342548131942749
foundation,17,three stars,OOD shape,3,-1.5919537544250488,0.021268077194690704,0.0815192237496376,0.03641802817583084,0.9688237898465171,0.873046875,0.9955257177352905,0.0653807669878006
foundation,17,three stars,OOD shape,4,-1.5919537544250488,0.01672532595694065,0.07367399334907532,0.045533061027526855,0.9740845521511691,0.88671875,0.9988986253738403,0.06213683634996414
foundation,17,three stars,OOD shape,5,-1.5919537544250488,0.03037208691239357,0.1085405945777893,0.02895379438996315,0.968431938170141,0.8779296875,0.9966629147529602,0.06267564743757248
foundation,17,three stars,OOD shape,6,-1.5919537544250488,0.015427634119987488,0.06820657849311829,0.03723800927400589,0.9731425702811245,0.9072265625,0.9989235401153564,0.06442659348249435
foundation,17,three stars,OOD shape,7,-1.5919537544250488,0.02622649073600769,0.10202856361865997,0.047869618982076645,0.9731240188383046,0.8896484375,0.9967069029808044,0.06201857700943947
foundation,17,three stars,OOD shape,8,-1.5919537544250488,0.03727229684591293,0.12620952725410461,0.04540221020579338,0.968280837514862,0.8759765625,0.997770369052887,0.06213656812906265
foundation,17,three stars,OOD shape,9,-1.5919537544250488,0.03610248863697052,0.12511806190013885,0.040022045373916626,0.9584576414297777,0.8828125,0.991150438785553,0.06235060840845108
foundation,17,three stars,OOD shape,10,-1.5919537544250488,0.028318550437688828,0.10564325749874115,0.03884395956993103,0.9691581108829569,0.880859375,0.9988913536071777,0.06367046386003494
foundation,17,three stars,OOD shape,11,-1.5919537544250488,0.022216329351067543,0.08627837896347046,0.045923419296741486,0.9775200597732514,0.9150390625,0.9978654980659485,0.06263816356658936
foundation,17,three stars,OOD shape,12,-1.5919537544250488,0.030794939026236534,0.11145387589931488,0.024062450975179672,0.9620105016764724,0.875,0.9921875596046448,0.06296388804912567
foundation,17,three stars,OOD shape,13,-1.5919537544250488,0.03442158177495003,0.12197165191173553,0.040579695254564285,0.965783123786716,0.88671875,0.9900880455970764,0.062469422817230225
foundation,17,three stars,OOD shape,14,-1.5919537544250488,0.026439441367983818,0.09556600451469421,0.04772455617785454,0.9744516553027192,0.904296875,0.9989200830459595,0.06120813265442848
foundation,17,three stars,OOD shape,15,-1.5919537544250488,0.03659027814865112,0.12451517581939697,0.04237812012434006,0.9640462239583334,0.865234375,0.9977427124977112,0.06331618130207062
exact,17,three stars,OOD shape,0,-1.590419054031372,0.029383225366473198,0.1023535430431366,0.038215555250644684,0.9697651174412795,0.88671875,0.9955946803092957,0.06306672841310501
exact,17,three stars,OOD shape,1,-1.590419054031372,0.02293252944946289,0.08783574402332306,0.03690415620803833,0.9644563008130083,0.90234375,0.9978355169296265,0.06348638236522675
exact,17,three stars,OOD shape,2,-1.590419054031372,0.032070256769657135,0.1166662648320198,0.029730988666415215,0.9654387541179994,0.8623046875,0.9943374395370483,0.06339161098003387
exact,17,three stars,OOD shape,3,-1.590419054031372,0.02121499739587307,0.08163859695196152,0.03586358577013016,0.9684022891453231,0.873046875,0.9955257177352905,0.06534372270107269
exact,17,three stars,OOD shape,4,-1.590419054031372,0.01672963611781597,0.07408620417118073,0.041392531245946884,0.9737944631561654,0.88671875,0.9988986253738403,0.06211704760789871
exact,17,three stars,OOD shape,5,-1.590419054031372,0.030346108600497246,0.10859133303165436,0.029944676905870438,0.9701220818162347,0.8779296875,0.9966629147529602,0.06271766871213913
exact,17,three stars,OOD shape,6,-1.590419054031372,0.015545605681836605,0.06887035816907883,0.03740652650594711,0.9721757866191165,0.9072265625,0.9989235401153564,0.0644163191318512
exact,17,three stars,OOD shape,7,-1.590419054031372,0.026377473026514053,0.10258756577968597,0.0488971509039402,0.9740868655154369,0.888671875,0.9967033267021179,0.0619882307946682
exact,17,three stars,OOD shape,8,-1.590419054031372,0.03753781318664551,0.1271032691001892,0.046750254929065704,0.9670841889117043,0.8759765625,0.997770369052887,0.06211695820093155
exact,17,three stars,OOD shape,9,-1.590419054031372,0.03635231405496597,0.12568971514701843,0.044669270515441895,0.9597147950089127,0.8828125,0.991150438785553,0.062317535281181335
exact,17,three stars,OOD shape,10,-1.590419054031372,0.028405576944351196,0.10598188638687134,0.03896699473261833,0.9665300546448088,0.8798828125,0.9988901615142822,0.06368812173604965
exact,17,three stars,OOD shape,11,-1.590419054031372,0.02243858575820923,0.08703621476888657,0.04351166635751724,0.9784296527304032,0.9150390625,0.9978654980659485,0.06259890645742416
exact,17,three stars,OOD shape,12,-1.590419054031372,0.030844390392303467,0.11158683151006699,0.028964387252926826,0.9626905801227303,0.875,0.9921875596046448,0.06300134211778641
exact,17,three stars,OOD shape,13,-1.590419054031372,0.034471672028303146,0.12223653495311737,0.037548620253801346,0.9646546635182999,0.8857421875,0.9900771975517273,0.06244262307882309
exact,17,three stars,OOD shape,14,-1.590419054031372,0.026660777628421783,0.0963774174451828,0.0475827157497406,0.9753552945042308,0.90625,0.9989224076271057,0.06117849424481392
exact,17,three stars,OOD shape,15,-1.590419054031372,0.03663630038499832,0.12472684681415558,0.04215072840452194,0.9663271035533809,0.865234375,0.9977427124977112,0.06327788531780243
foundation,17,two crescents,OOD shape,0,-1.5919537544250488,0.014613058418035507,0.062189292162656784,0.028655219823122025,0.971905035734823,0.9248046875,0.9926082491874695,0.06511513143777847
foundation,17,two crescents,OOD shape,1,-1.5919537544250488,0.017295487225055695,0.06621706485748291,0.020345397293567657,0.9713867085295658,0.9033203125,0.9913513660430908,0.06683218479156494
foundation,17,two crescents,OOD shape,2,-1.5919537544250488,0.019988669082522392,0.07918871939182281,0.01995580829679966,0.9689207650273224,0.916015625,0.9893390536308289,0.06400975584983826
foundation,17,two crescents,OOD shape,3,-1.5919537544250488,0.016737107187509537,0.0684288963675499,0.020295515656471252,0.9706104386307433,0.927734375,0.9936841726303101,0.0670422837138176
foundation,17,two crescents,OOD shape,4,-1.5919537544250488,0.013562246225774288,0.052930038422346115,0.022537190467119217,0.9730277389851858,0.923828125,0.9936574697494507,0.067426897585392
foundation,17,two crescents,OOD shape,5,-1.5919537544250488,0.021523065865039825,0.07924231141805649,0.016268415376544,0.9708448992180555,0.9091796875,0.989258885383606,0.06723402440547943
foundation,17,two crescents,OOD shape,6,-1.5919537544250488,0.015261286869645119,0.06959100067615509,0.022284001111984253,0.9804515745692216,0.951171875,0.9876797199249268,0.06245092302560806
foundation,17,two crescents,OOD shape,7,-1.5919537544250488,0.01950746588408947,0.07659605145454407,0.026260338723659515,0.977144344657035,0.9287109375,0.9936907887458801,0.06467070430517197
foundation,17,two crescents,OOD shape,8,-1.5919537544250488,0.018374161794781685,0.0740341991186142,0.016055762767791748,0.9715051086930754,0.9228515625,0.991534411907196,0.06549247354269028
foundation,17,two crescents,OOD shape,9,-1.5919537544250488,0.0185308288782835,0.0784103125333786,0.020625494420528412,0.9761059970721783,0.9404296875,0.9854621291160583,0.06337935477495193
foundation,17,two crescents,OOD shape,10,-1.5919537544250488,0.013363419100642204,0.055889736860990524,0.024700146168470383,0.9785481331533963,0.923828125,0.9968287348747253,0.06608626991510391
foundation,17,two crescents,OOD shape,11,-1.5919537544250488,0.015409665182232857,0.06845919787883759,0.02740490436553955,0.9793392456875548,0.9462890625,0.9917441010475159,0.06389407813549042
foundation,17,two crescents,OOD shape,12,-1.5919537544250488,0.013631121255457401,0.054017744958400726,0.02862315997481346,0.9716318038686459,0.912109375,0.9957173466682434,0.06730559468269348
foundation,17,two crescents,OOD shape,13,-1.5919537544250488,0.0158358346670866,0.0715939849615097,0.023999053984880447,0.9757575757575757,0.9443359375,0.9886245727539062,0.06337975710630417
foundation,17,two crescents,OOD shape,14,-1.5919537544250488,0.02005116455256939,0.07620084285736084,0.018263645470142365,0.9727765579153955,0.919921875,0.9883227944374084,0.06547965109348297
foundation,17,two crescents,OOD shape,15,-1.5919537544250488,0.013705512508749962,0.0560431182384491,0.020778696984052658,0.9850579200833007,0.935546875,0.9958246350288391,0.06598816066980362
exact,17,two crescents,OOD shape,0,-1.590419054031372,0.014558438211679459,0.06228336691856384,0.029047682881355286,0.9726443768996961,0.92578125,0.9926159977912903,0.06512611359357834
exact,17,two crescents,OOD shape,1,-1.590419054031372,0.01714904047548771,0.06598538160324097,0.020543808117508888,0.9694461987412617,0.9033203125,0.9913513660430908,0.0668167993426323
exact,17,two crescents,OOD shape,2,-1.590419054031372,0.01990584470331669,0.0788993313908577,0.020079517737030983,0.9693476775956283,0.916015625,0.9904051423072815,0.06402113288640976
exact,17,two crescents,OOD shape,3,-1.590419054031372,0.016664382070302963,0.06842350214719772,0.02156066708266735,0.9715475725628009,0.927734375,0.9936841726303101,0.06704743206501007
exact,17,two crescents,OOD shape,4,-1.590419054031372,0.013440069742500782,0.05276921018958092,0.0227531548589468,0.9744790383088255,0.923828125,0.9936574697494507,0.06742722541093826
exact,17,two crescents,OOD shape,5,-1.590419054031372,0.021344920620322227,0.07883861660957336,0.01566237397491932,0.9705209563164108,0.9111328125,0.9892818331718445,0.06722193956375122
exact,17,two crescents,OOD shape,6,-1.590419054031372,0.01529010757803917,0.06989465653896332,0.02295415848493576,0.9793291135369844,0.9501953125,0.9886947870254517,0.062451474368572235
exact,17,two crescents,OOD shape,7,-1.590419054031372,0.019570156931877136,0.07686188071966171,0.029970940202474594,0.9778211636079657,0.9306640625,0.9937040209770203,0.06466976553201675
exact,17,two crescents,OOD shape,8,-1.590419054031372,0.018373148515820503,0.07422562688589096,0.016735855489969254,0.9723585330583411,0.9228515625,0.991534411907196,0.06547041237354279
exact,17,two crescents,OOD shape,9,-1.590419054031372,0.018562497571110725,0.07859040051698685,0.020744234323501587,0.9767511103391806,0.9404296875,0.9854621291160583,0.0633588582277298
exact,17,two crescents,OOD shape,10,-1.590419054031372,0.013329192996025085,0.05616292729973793,0.025230899453163147,0.9790823211875843,0.9228515625,0.9968253970146179,0.06608380377292633
exact,17,two crescents,OOD shape,11,-1.590419054031372,0.015488430857658386,0.06888347864151001,0.023964297026395798,0.9797940421661306,0.9462890625,0.9917441010475159,0.0638730525970459
exact,17,two crescents,OOD shape,12,-1.590419054031372,0.01362697221338749,0.05421822518110275,0.02890673838555813,0.9718004948268106,0.9111328125,0.9957126975059509,0.06735314428806305
exact,17,two crescents,OOD shape,13,-1.590419054031372,0.015878994017839432,0.07191262394189835,0.02466127835214138,0.9764408793820558,0.9443359375,0.9886245727539062,0.06338836252689362
exact,17,two crescents,OOD shape,14,-1.590419054031372,0.01991311088204384,0.0758831799030304,0.01832784153521061,0.9733789324368964,0.919921875,0.9883227944374084,0.06549078226089478
exact,17,two crescents,OOD shape,15,-1.590419054031372,0.013617560267448425,0.05609041824936867,0.0212150439620018,0.9857087075361187,0.935546875,0.9958246350288391,0.06598129868507385
foundation,17,30% noise,OOD noise,0,-1.5919537544250488,0.03255753964185715,0.11288557201623917,0.036353081464767456,0.9531772147036606,0.87890625,0.9744444489479065,0.06442694365978241
foundation,17,30% noise,OOD noise,1,-1.5919537544250488,0.02956213988363743,0.10941582173109055,0.03309175372123718,0.9522280045535859,0.888671875,0.973626434803009,0.06429353356361389
foundation,17,30% noise,OOD noise,2,-1.5919537544250488,0.025106750428676605,0.08274630457162857,0.03125130385160446,0.9515039704820726,0.875,0.9843750596046448,0.062451474368572235
foundation,17,30% noise,OOD noise,3,-1.5919537544250488,0.03299947828054428,0.11059839278459549,0.04125014692544937,0.9561027837259101,0.869140625,0.9786517024040222,0.06258566677570343
foundation,17,30% noise,OOD noise,4,-1.5919537544250488,0.02463322877883911,0.08509073406457901,0.0298934206366539,0.9594972926409058,0.884765625,0.9812362194061279,0.06313852965831757
foundation,17,30% noise,OOD noise,5,-1.5919537544250488,0.039751313626766205,0.14844396710395813,0.043669965118169785,0.9463623884694579,0.8857421875,0.96251380443573,0.06333465129137039
foundation,17,30% noise,OOD noise,6,-1.5919537544250488,0.028143925592303276,0.09588617086410522,0.03651643171906471,0.9447999645300976,0.87890625,0.9788889288902283,0.06276381015777588
foundation,17,30% noise,OOD noise,7,-1.5919537544250488,0.03278694301843643,0.10968799144029617,0.030182380229234695,0.9557808551202281,0.87109375,0.9865471124649048,0.06326041370630264
foundation,17,30% noise,OOD noise,8,-1.5919537544250488,0.03427821025252342,0.12089874595403671,0.04212843254208565,0.9450802880310112,0.875,0.9709821939468384,0.06303852796554565
foundation,17,30% noise,OOD noise,9,-1.5919537544250488,0.02999706193804741,0.10284116119146347,0.03598647564649582,0.9598863039832017,0.8798828125,0.978912353515625,0.0630347803235054
foundation,17,30% noise,OOD noise,10,-1.5919537544250488,0.029943279922008514,0.10393676906824112,0.03722768276929855,0.9414001776593383,0.8681640625,0.9775028228759766,0.0645415335893631
foundation,17,30% noise,OOD noise,11,-1.5919537544250488,0.0348086841404438,0.1247587576508522,0.04314342141151428,0.9426476301476301,0.8681640625,0.9707536697387695,0.06273481994867325
foundation,17,30% noise,OOD noise,12,-1.5919537544250488,0.040181368589401245,0.1403149515390396,0.05069507658481598,0.9473630122908703,0.857421875,0.9669704437255859,0.0633905827999115
foundation,17,30% noise,OOD noise,13,-1.5919537544250488,0.03191034495830536,0.11403782665729523,0.0339839868247509,0.9459745762711864,0.876953125,0.9721603989601135,0.06400173157453537
foundation,17,30% noise,OOD noise,14,-1.5919537544250488,0.039748866111040115,0.13421611487865448,0.04938104748725891,0.9558189545347996,0.861328125,0.9693877696990967,0.06458514928817749
foundation,17,30% noise,OOD noise,15,-1.5919537544250488,0.02704560197889805,0.09230208396911621,0.03366446495056152,0.9507549889976478,0.888671875,0.980219841003418,0.06351015716791153
exact,17,30% noise,OOD noise,0,-1.590419054031372,0.034378763288259506,0.12033633887767792,0.03889715299010277,0.9515224358974359,0.875,0.9709821939468384,0.06455934792757034
exact,17,30% noise,OOD noise,1,-1.590419054031372,0.0311209075152874,0.11535383015871048,0.03559260442852974,0.9499702242245353,0.8876953125,0.9713971614837646,0.06430433690547943
exact,17,30% noise,OOD noise,2,-1.590419054031372,0.026072554290294647,0.08610615879297256,0.03280341252684593,0.9531830943167161,0.873046875,0.9843400716781616,0.06253127753734589
exact,17,30% noise,OOD noise,3,-1.590419054031372,0.035077814012765884,0.11856053024530411,0.04419460892677307,0.9525165865934568,0.8671875,0.977477490901947,0.06292643398046494
exact,17,30% noise,OOD noise,4,-1.590419054031372,0.025779079645872116,0.0891413539648056,0.03186076879501343,0.9548372410653312,0.8837890625,0.9801104664802551,0.06326086819171906
exact,17,30% noise,OOD noise,5,-1.590419054031372,0.04096356779336929,0.15520456433296204,0.04538992792367935,0.9417878951149427,0.88671875,0.96035236120224,0.06353379786014557
exact,17,30% noise,OOD noise,6,-1.590419054031372,0.029742024838924408,0.10177900642156601,0.03866482153534889,0.9477091018801683,0.8759765625,0.9754738211631775,0.06277883797883987
exact,17,30% noise,OOD noise,7,-1.590419054031372,0.03334377333521843,0.1131298691034317,0.030653469264507294,0.9511545165146996,0.8740234375,0.9821228981018066,0.06333240866661072
exact,17,30% noise,OOD noise,8,-1.590419054031372,0.03574461117386818,0.12719902396202087,0.04420957714319229,0.9439713555469182,0.876953125,0.9688196182250977,0.06311581283807755
exact,17,30% noise,OOD noise,9,-1.590419054031372,0.030977100133895874,0.10607048869132996,0.03753765672445297,0.95481607620706,0.87890625,0.9777777791023254,0.06311532109975815
exact,17,30% noise,OOD noise,10,-1.590419054031372,0.03142420947551727,0.10982871800661087,0.03957297280430794,0.9363988724453841,0.8681640625,0.9752531051635742,0.06464089453220367
exact,17,30% noise,OOD noise,11,-1.590419054031372,0.036911603063344955,0.1340201199054718,0.04597613960504532,0.9329688157183202,0.865234375,0.9695259928703308,0.06290525197982788
exact,17,30% noise,OOD noise,12,-1.590419054031372,0.042062558233737946,0.1484043449163437,0.05298486724495888,0.9417354035257964,0.8603515625,0.960272490978241,0.06349141895771027
exact,17,30% noise,OOD noise,13,-1.590419054031372,0.03364783152937889,0.12081356346607208,0.037550508975982666,0.9443588297938984,0.8740234375,0.9709497094154358,0.06403637677431107
exact,17,30% noise,OOD noise,14,-1.590419054031372,0.041308626532554626,0.14099574089050293,0.05132533609867096,0.9511968300177908,0.8623046875,0.9660248756408691,0.06461437046527863
exact,17,30% noise,OOD noise,15,-1.590419054031372,0.02784821391105652,0.09538804739713669,0.034837499260902405,0.955925535651563,0.8857421875,0.9790518283843994,0.06354641914367676
foundation,17,180-degree aperture,OOD aperture,0,-1.5919537544250488,0.06500311940908432,0.21019016206264496,0.06872732937335968,0.9189695550351288,0.7587890625,0.96138995885849,0.07068715989589691
foundation,17,180-degree aperture,OOD aperture,1,-1.5919537544250488,0.054439205676317215,0.17307382822036743,0.059312280267477036,0.9307359307359307,0.763671875,0.9769821166992188,0.07174544036388397
foundation,17,180-degree aperture,OOD aperture,2,-1.5919537544250488,0.04558304324746132,0.1497887670993805,0.05574221536517143,0.927714144306572,0.7783203125,0.9799246788024902,0.07105440646409988
foundation,17,180-degree aperture,OOD aperture,3,-1.5919537544250488,0.06374255567789078,0.21055704355239868,0.07107852399349213,0.9050580286335147,0.7568359375,0.9509677886962891,0.07215814292430878
foundation,17,180-degree aperture,OOD aperture,4,-1.5919537544250488,0.05537795647978783,0.18402422964572906,0.06102939695119858,0.9079125966027225,0.763671875,0.9616368412971497,0.0725310668349266
foundation,17,180-degree aperture,OOD aperture,5,-1.5919537544250488,0.0464569553732872,0.15246377885341644,0.0450914204120636,0.9421032069574671,0.7744140625,0.9886506795883179,0.07193927466869354
foundation,17,180-degree aperture,OOD aperture,6,-1.5919537544250488,0.05735908821225166,0.18977023661136627,0.058216486126184464,0.9060147476243366,0.7509765625,0.9700910449028015,0.07085590809583664
foundation,17,180-degree aperture,OOD aperture,7,-1.5919537544250488,0.04593048617243767,0.15272167325019836,0.04543249309062958,0.9330787994485099,0.77734375,0.9861809015274048,0.07007255405187607
foundation,17,180-degree aperture,OOD aperture,8,-1.5919537544250488,0.06760554760694504,0.22165453433990479,0.07015718519687653,0.9071268697456054,0.75390625,0.9520725011825562,0.07230980694293976
foundation,17,180-degree aperture,OOD aperture,9,-1.5919537544250488,0.05474746227264404,0.1803540140390396,0.06270895153284073,0.9043641853090888,0.734375,0.9667552709579468,0.07271969318389893
foundation,17,180-degree aperture,OOD aperture,10,-1.5919537544250488,0.0544540211558342,0.17882342636585236,0.05967257544398308,0.9108894853757867,0.7412109375,0.9696969985961914,0.07308109104633331
foundation,17,180-degree aperture,OOD aperture,11,-1.5919537544250488,0.06298262625932693,0.21273638308048248,0.06776376813650131,0.9021267313774676,0.7646484375,0.9501915574073792,0.07263728976249695
foundation,17,180-degree aperture,OOD aperture,12,-1.5919537544250488,0.05608163774013519,0.18702389299869537,0.0607563778758049,0.9175156800948606,0.783203125,0.9600997567176819,0.07067947089672089
foundation,17,180-degree aperture,OOD aperture,13,-1.5919537544250488,0.05822053551673889,0.18981587886810303,0.06691224873065948,0.9055748823340252,0.73828125,0.964285671710968,0.07375475764274597
foundation,17,180-degree aperture,OOD aperture,14,-1.5919537544250488,0.061521176248788834,0.19883160293102264,0.06869354099035263,0.9041633711692069,0.7392578125,0.9656539559364319,0.07294771075248718
foundation,17,180-degree aperture,OOD aperture,15,-1.5919537544250488,0.052972737699747086,0.1717604547739029,0.056860972195863724,0.923161054615689,0.7607421875,0.9768934845924377,0.0728561282157898
exact,17,180-degree aperture,OOD aperture,0,-1.590419054031372,0.06440398097038269,0.20797669887542725,0.06758511066436768,0.918613707165109,0.759765625,0.9640102982521057,0.07068799436092377
exact,17,180-degree aperture,OOD aperture,1,-1.590419054031372,0.05383479967713356,0.17132540047168732,0.0596599355340004,0.9316689553739598,0.763671875,0.97826087474823,0.07173466682434082
exact,17,180-degree aperture,OOD aperture,2,-1.590419054031372,0.04503124579787254,0.14831098914146423,0.05665888637304306,0.9256652499932325,0.7783203125,0.9799246788024902,0.07104665040969849
exact,17,180-degree aperture,OOD aperture,3,-1.590419054031372,0.06319809705018997,0.2085399329662323,0.07007265090942383,0.9064509787401354,0.7578125,0.9523195624351501,0.07216337323188782
exact,17,180-degree aperture,OOD aperture,4,-1.590419054031372,0.05483328551054001,0.18213845789432526,0.0599360466003418,0.9089015151515151,0.765625,0.9617346525192261,0.07251858711242676
exact,17,180-degree aperture,OOD aperture,5,-1.590419054031372,0.04598887637257576,0.15134035050868988,0.044348493218421936,0.9431797782583794,0.7744140625,0.9899117350578308,0.07193364202976227
exact,17,180-degree aperture,OOD aperture,6,-1.590419054031372,0.056804314255714417,0.18792179226875305,0.05703059583902359,0.9054903735139015,0.7490234375,0.9739243388175964,0.07087494432926178
exact,17,180-degree aperture,OOD aperture,7,-1.590419054031372,0.04545490816235542,0.15144380927085876,0.04713238775730133,0.930980031220956,0.775390625,0.9874054789543152,0.07007647305727005
exact,17,180-degree aperture,OOD aperture,8,-1.590419054031372,0.0670628547668457,0.21949155628681183,0.0690210834145546,0.9081398298403297,0.755859375,0.9534884095191956,0.07232622057199478
exact,17,180-degree aperture,OOD aperture,9,-1.590419054031372,0.05415288731455803,0.17848414182662964,0.061508454382419586,0.9063081617086193,0.732421875,0.9693333506584167,0.07269684970378876
exact,17,180-degree aperture,OOD aperture,10,-1.590419054031372,0.053845640271902084,0.17693917453289032,0.05838659405708313,0.9094033188184066,0.7392578125,0.9735799431800842,0.07308070361614227
exact,17,180-degree aperture,OOD aperture,11,-1.590419054031372,0.06243140995502472,0.21067295968532562,0.06666366755962372,0.9015199935350686,0.7626953125,0.9526248574256897,0.07262642681598663
exact,17,180-degree aperture,OOD aperture,12,-1.590419054031372,0.05554836988449097,0.18511953949928284,0.0597081333398819,0.9186379506492487,0.783203125,0.9625935554504395,0.07066446542739868
exact,17,180-degree aperture,OOD aperture,13,-1.590419054031372,0.05764908343553543,0.18795903027057648,0.06579548865556717,0.9070739573461457,0.7373046875,0.9682119488716125,0.07373571395874023
exact,17,180-degree aperture,OOD aperture,14,-1.590419054031372,0.06088520959019661,0.19672493636608124,0.06749965250492096,0.9060611268654578,0.73828125,0.9682539105415344,0.07294076681137085
exact,17,180-degree aperture,OOD aperture,15,-1.590419054031372,0.05239581689238548,0.170037180185318,0.0556766651570797,0.9214251893939394,0.7607421875,0.9781771898269653,0.07283855974674225
foundation,17,heteroscedastic noise,OOD noise,0,-1.5919537544250488,0.02079915441572666,0.07818402349948883,0.02642938308417797,0.975416825414104,0.8876953125,0.9966996908187866,0.0649314746260643
foundation,17,heteroscedastic noise,OOD noise,1,-1.5919537544250488,0.014723173342645168,0.066965252161026,0.044690050184726715,0.9792632204396909,0.888671875,1.0,0.06452970206737518
foundation,17,heteroscedastic noise,OOD noise,2,-1.5919537544250488,0.019174007698893547,0.07643258571624756,0.021307893097400665,0.9640453842635945,0.8857421875,0.993384838104248,0.06325341761112213
foundation,17,heteroscedastic noise,OOD noise,3,-1.5919537544250488,0.014522506855428219,0.06161435693502426,0.03357064351439476,0.9764285537056795,0.875,1.0,0.06634359806776047
foundation,17,heteroscedastic noise,OOD noise,4,-1.5919537544250488,0.02239128015935421,0.08357524871826172,0.030175503343343735,0.972684458398744,0.900390625,0.9956616163253784,0.06642811000347137
foundation,17,heteroscedastic noise,OOD noise,5,-1.5919537544250488,0.01318228617310524,0.06395608186721802,0.039571940898895264,0.9863455207069832,0.91015625,1.0,0.06544428318738937
foundation,17,heteroscedastic noise,OOD noise,6,-1.5919537544250488,0.013478140346705914,0.06057021766901016,0.03693434223532677,0.9860465116279071,0.900390625,1.0,0.06531654298305511
foundation,17,heteroscedastic noise,OOD noise,7,-1.5919537544250488,0.020144551992416382,0.08334152400493622,0.04081886634230614,0.9789411790326443,0.8818359375,0.998892605304718,0.06520874053239822
foundation,17,heteroscedastic noise,OOD noise,8,-1.5919537544250488,0.015172682702541351,0.06489014625549316,0.03721567988395691,0.9703890006706908,0.8955078125,0.9999999403953552,0.06498673558235168
foundation,17,heteroscedastic noise,OOD noise,9,-1.5919537544250488,0.015396654605865479,0.062806636095047,0.025192126631736755,0.9752794715447154,0.8994140625,0.997828483581543,0.0646795853972435
foundation,17,heteroscedastic noise,OOD noise,10,-1.5919537544250488,0.014985758811235428,0.06380146741867065,0.038473956286907196,0.9757126122608357,0.8876953125,0.9988998770713806,0.06405313313007355
foundation,17,heteroscedastic noise,OOD noise,11,-1.5919537544250488,0.014270685613155365,0.053885530680418015,0.02306237444281578,0.976854674796748,0.904296875,0.997840166091919,0.06516587734222412
foundation,17,heteroscedastic noise,OOD noise,12,-1.5919537544250488,0.016961704939603806,0.07331442832946777,0.04362427070736885,0.9764735772357724,0.890625,1.0,0.0657082125544548
foundation,17,heteroscedastic noise,OOD noise,13,-1.5919537544250488,0.014534784480929375,0.06134023517370224,0.04050165042281151,0.9797548775573097,0.8857421875,1.0,0.06516994535923004
foundation,17,heteroscedastic noise,OOD noise,14,-1.5919537544250488,0.013048076070845127,0.056764740496873856,0.036971043795347214,0.971640191014521,0.908203125,1.0,0.06423847377300262
foundation,17,heteroscedastic noise,OOD noise,15,-1.5919537544250488,0.02320050820708275,0.07963504642248154,0.03793084993958473,0.9711034053525385,0.8896484375,0.9989023208618164,0.06408505141735077
exact,17,heteroscedastic noise,OOD noise,0,-1.590419054031372,0.020927781239151955,0.07836141437292099,0.03122645616531372,0.9759406011280075,0.8857421875,0.996692419052124,0.06496873497962952
exact,17,heteroscedastic noise,OOD noise,1,-1.590419054031372,0.014789270237088203,0.06735901534557343,0.04585367068648338,0.9778307800507599,0.888671875,1.0,0.064661905169487
exact,17,heteroscedastic noise,OOD noise,2,-1.590419054031372,0.019203653559088707,0.07650856673717499,0.022076457738876343,0.962078776562639,0.88671875,0.9933920502662659,0.06324761360883713
exact,17,heteroscedastic noise,OOD noise,3,-1.590419054031372,0.014484304934740067,0.06151755899190903,0.03280852362513542,0.9751270325203252,0.8720703125,1.0,0.06640025973320007
exact,17,heteroscedastic noise,OOD noise,4,-1.590419054031372,0.022432569414377213,0.08367790281772614,0.02972375601530075,0.9724751439037154,0.8994140625,0.9967427253723145,0.06645791977643967
exact,17,heteroscedastic noise,OOD noise,5,-1.590419054031372,0.013196825981140137,0.06410197913646698,0.03976751118898392,0.9863455207069833,0.91015625,1.0,0.0654633492231369
exact,17,heteroscedastic noise,OOD noise,6,-1.590419054031372,0.013495469465851784,0.060760676860809326,0.037158239632844925,0.9862487360970678,0.8994140625,1.0,0.06529267132282257
exact,17,heteroscedastic noise,OOD noise,7,-1.590419054031372,0.020018136128783226,0.08307516574859619,0.040850475430488586,0.9789847339881095,0.8818359375,0.998892605304718,0.06528250873088837
exact,17,heteroscedastic noise,OOD noise,8,-1.590419054031372,0.015197763219475746,0.06498231738805771,0.03724090754985809,0.9697518443997317,0.8955078125,0.9999999403953552,0.06503508985042572
exact,17,heteroscedastic noise,OOD noise,9,-1.590419054031372,0.015366235747933388,0.0629221722483635,0.025226011872291565,0.9738383443967201,0.8994140625,0.997828483581543,0.06468028575181961
exact,17,heteroscedastic noise,OOD noise,10,-1.590419054031372,0.014960520900785923,0.06388304382562637,0.038663893938064575,0.9746717198676204,0.8876953125,0.9988998770713806,0.06403099745512009
exact,17,heteroscedastic noise,OOD noise,11,-1.590419054031372,0.014213304966688156,0.053818318992853165,0.023105688393115997,0.9771087398373983,0.904296875,0.997840166091919,0.06518752872943878
exact,17,heteroscedastic noise,OOD noise,12,-1.590419054031372,0.01696300506591797,0.07341725379228592,0.043863117694854736,0.9732304900181489,0.888671875,1.0,0.06577479094266891
exact,17,heteroscedastic noise,OOD noise,13,-1.590419054031372,0.014486708678305149,0.06126183271408081,0.04053950309753418,0.9813311688311688,0.8857421875,1.0,0.06515838205814362
exact,17,heteroscedastic noise,OOD noise,14,-1.590419054031372,0.013031781651079655,0.057006631046533585,0.03733495622873306,0.9703890006706909,0.908203125,1.0,0.06426063179969788
exact,17,heteroscedastic noise,OOD noise,15,-1.590419054031372,0.02324914187192917,0.07973149418830872,0.03754175826907158,0.9699475415666401,0.888671875,0.9989011287689209,0.06428643316030502
foundation,17,wavenumber 12,OOD frequency,0,-1.5919537544250488,0.03178688511252403,0.11329791694879532,0.0821286141872406,0.9898193760262726,0.955078125,1.0,0.05458405613899231
foundation,17,wavenumber 12,OOD frequency,1,-1.5919537544250488,0.029757758602499962,0.1135016530752182,0.07396220415830612,0.9926470588235294,0.9638671875,1.0,0.054718803614377975
foundation,17,wavenumber 12,OOD frequency,2,-1.5919537544250488,0.04353779926896095,0.1374262571334839,0.0960887148976326,0.9963981663392272,0.958984375,1.0,0.05412496626377106
foundation,17,wavenumber 12,OOD frequency,3,-1.5919537544250488,0.0513499453663826,0.1671987920999527,0.0988178700208664,0.9900130975769482,0.9599609375,1.0,0.05469713360071182
foundation,17,wavenumber 12,OOD frequency,4,-1.5919537544250488,0.04235609993338585,0.14114491641521454,0.1011047288775444,0.9899509803921568,0.9541015625,1.0,0.055045198649168015
foundation,17,wavenumber 12,OOD frequency,5,-1.5919537544250488,0.028019560500979424,0.10344097018241882,0.07900892198085785,0.9918140144073346,0.9541015625,1.0,0.05314258486032486
foundation,17,wavenumber 12,OOD frequency,6,-1.5919537544250488,0.046865738928318024,0.18447242677211761,0.10177944600582123,0.9722494286647079,0.9599609375,0.997965395450592,0.05338257551193237
foundation,17,wavenumber 12,OOD frequency,7,-1.5919537544250488,0.05053180828690529,0.16440850496292114,0.09552076458930969,0.9908045977011495,0.9599609375,1.0,0.05447560176253319
foundation,17,wavenumber 12,OOD frequency,8,-1.5919537544250488,0.03250686079263687,0.1119537502527237,0.08078880608081818,0.992976541649108,0.9599609375,1.0,0.053067415952682495
foundation,17,wavenumber 12,OOD frequency,9,-1.5919537544250488,0.03581511229276657,0.12726344168186188,0.08907737582921982,0.9901960784313726,0.9619140625,1.0,0.05316561460494995
foundation,17,wavenumber 12,OOD frequency,10,-1.5919537544250488,0.027325784787535667,0.1023513674736023,0.07860739529132843,0.9976447497546614,0.9521484375,0.9999999403953552,0.053901307284832
foundation,17,wavenumber 12,OOD frequency,11,-1.5919537544250488,0.02613833174109459,0.10095644742250443,0.08164821565151215,0.9946183953033269,0.962890625,1.0,0.05357925221323967
foundation,17,wavenumber 12,OOD frequency,12,-1.5919537544250488,0.05031559616327286,0.1569933295249939,0.10549528151750565,0.9870808678500986,0.9521484375,0.9999999403953552,0.05188315734267235
foundation,17,wavenumber 12,OOD frequency,13,-1.5919537544250488,0.03829269856214523,0.12913452088832855,0.09525638073682785,0.9945217024863042,0.9599609375,1.0,0.05403812229633331
foundation,17,wavenumber 12,OOD frequency,14,-1.5919537544250488,0.03028174489736557,0.11181696504354477,0.08601383864879608,0.9909313725490195,0.953125,0.9999999403953552,0.05446748808026314
foundation,17,wavenumber 12,OOD frequency,15,-1.5919537544250488,0.030009310692548752,0.1029168963432312,0.07434483617544174,0.9976447497546614,0.958984375,1.0,0.05371471866965294
exact,17,wavenumber 12,OOD frequency,0,-1.590419054031372,0.02801922708749771,0.1043873205780983,0.07609780132770538,0.9898193760262726,0.955078125,1.0,0.05477265641093254
exact,17,wavenumber 12,OOD frequency,1,-1.590419054031372,0.02973298728466034,0.1125965416431427,0.07445314526557922,0.9931372549019608,0.9638671875,1.0,0.05469316244125366
exact,17,wavenumber 12,OOD frequency,2,-1.590419054031372,0.042572878301143646,0.13500624895095825,0.09635938704013824,0.9947006869479883,0.958984375,1.0,0.05429806560277939
exact,17,wavenumber 12,OOD frequency,3,-1.590419054031372,0.05131116136908531,0.16744926571846008,0.09888981282711029,0.9900130975769482,0.9599609375,1.0,0.054716385900974274
exact,17,wavenumber 12,OOD frequency,4,-1.590419054031372,0.039913609623909,0.13491275906562805,0.0974680483341217,0.9924019607843138,0.9541015625,1.0,0.05516136810183525
exact,17,wavenumber 12,OOD frequency,5,-1.590419054031372,0.026362432166934013,0.09970463067293167,0.07740049809217453,0.9923051735428946,0.953125,0.9999999403953552,0.05324932932853699
exact,17,wavenumber 12,OOD frequency,6,-1.590419054031372,0.045754604041576385,0.18022467195987701,0.10064312815666199,0.9722494286647079,0.9599609375,0.997965395450592,0.053599175065755844
exact,17,wavenumber 12,OOD frequency,7,-1.590419054031372,0.04890803247690201,0.15730150043964386,0.09295491874217987,0.9909140667761357,0.9599609375,1.0,0.05466862767934799
exact,17,wavenumber 12,OOD frequency,8,-1.590419054031372,0.03161006420850754,0.10975232720375061,0.07950134575366974,0.992976541649108,0.958984375,1.0,0.053263112902641296
exact,17,wavenumber 12,OOD frequency,9,-1.590419054031372,0.034902945160865784,0.1247837245464325,0.08756862580776215,0.9931305201177625,0.9599609375,1.0,0.053452253341674805
exact,17,wavenumber 12,OOD frequency,10,-1.590419054031372,0.026768101379275322,0.1006581112742424,0.07731503248214722,0.9974484789008833,0.953125,0.9999999403953552,0.0540107786655426
exact,17,wavenumber 12,OOD frequency,11,-1.590419054031372,0.02530369907617569,0.09881230443716049,0.08022250235080719,0.9936399217221136,0.9638671875,1.0,0.05358739197254181
exact,17,wavenumber 12,OOD frequency,12,-1.590419054031372,0.04653972387313843,0.14766791462898254,0.10021241009235382,0.9844553913519432,0.951171875,1.0,0.052434902638196945
exact,17,wavenumber 12,OOD frequency,13,-1.590419054031372,0.037057239562273026,0.12613703310489655,0.09346112608909607,0.9945217024863042,0.9599609375,1.0,0.05414266884326935
exact,17,wavenumber 12,OOD frequency,14,-1.590419054031372,0.029176214709877968,0.10916268080472946,0.08463256061077118,0.9916666666666666,0.9521484375,0.9999999403953552,0.054592378437519073
exact,17,wavenumber 12,OOD frequency,15,-1.590419054031372,0.02875415049493313,0.09941047430038452,0.07115071266889572,0.9950980392156863,0.958984375,1.0,0.053852785378694534
foundation,17,mirrored kites,lsmlab-inspired,0,-1.5919537544250488,0.011149474419653416,0.04575999826192856,0.029827795922756195,0.9775318578135479,0.9228515625,1.0,0.06732387095689774
foundation,17,mirrored kites,lsmlab-inspired,1,-1.5919537544250488,0.013199404813349247,0.05886822193861008,0.032121893018484116,0.9816836375867657,0.9228515625,0.9989418387413025,0.06784220039844513
foundation,17,mirrored kites,lsmlab-inspired,2,-1.5919537544250488,0.01487446017563343,0.058214932680130005,0.021061085164546967,0.977508785630613,0.9208984375,0.997879147529602,0.06696990132331848
foundation,17,mirrored kites,lsmlab-inspired,3,-1.5919537544250488,0.011158093810081482,0.052945710718631744,0.03694971650838852,0.9854465126855732,0.9267578125,0.9989461898803711,0.0662948414683342
foundation,17,mirrored kites,lsmlab-inspired,4,-1.5919537544250488,0.016371820122003555,0.06494268774986267,0.024714050814509392,0.977793216385877,0.916015625,0.9978678226470947,0.06613781303167343
foundation,17,mirrored kites,lsmlab-inspired,5,-1.5919537544250488,0.01151125505566597,0.052679188549518585,0.03445953503251076,0.9856350806451613,0.9287109375,0.9989483952522278,0.06712174415588379
foundation,17,mirrored kites,lsmlab-inspired,6,-1.5919537544250488,0.019420307129621506,0.07077378034591675,0.02906539849936962,0.9735518292682928,0.9208984375,0.9946978092193604,0.06647279858589172
foundation,17,mirrored kites,lsmlab-inspired,7,-1.5919537544250488,0.017235543578863144,0.06570909172296524,0.020192813128232956,0.9734727259796601,0.9111328125,0.996784508228302,0.06612414866685867
foundation,17,mirrored kites,lsmlab-inspired,8,-1.5919537544250488,0.018873803317546844,0.0722542405128479,0.02608264610171318,0.9720977645022876,0.912109375,0.9946466684341431,0.06530417501926422
foundation,17,mirrored kites,lsmlab-inspired,9,-1.5919537544250488,0.014261022210121155,0.06200572848320007,0.02677907608449459,0.9773721065345686,0.9228515625,0.9989418387413025,0.06686819344758987
foundation,17,mirrored kites,lsmlab-inspired,10,-1.5919537544250488,0.014620548114180565,0.05584566295146942,0.029114754870533943,0.976957542137828,0.9052734375,0.9978424906730652,0.06726522743701935
foundation,17,mirrored kites,lsmlab-inspired,11,-1.5919537544250488,0.01860102079808712,0.0725652351975441,0.02895498275756836,0.9733958089288037,0.912109375,0.9978586435317993,0.06693539023399353
foundation,17,mirrored kites,lsmlab-inspired,12,-1.5919537544250488,0.014896739274263382,0.057224519550800323,0.024744372814893723,0.979802992333077,0.916015625,0.9989339113235474,0.06662693619728088
foundation,17,mirrored kites,lsmlab-inspired,13,-1.5919537544250488,0.013878068886697292,0.05726597458124161,0.02711893618106842,0.9820642978003384,0.9111328125,0.9989281296730042,0.06756354123353958
foundation,17,mirrored kites,lsmlab-inspired,14,-1.5919537544250488,0.012641550041735172,0.05163991451263428,0.0230947807431221,0.9808985478998149,0.9287109375,0.9989483952522278,0.06819523870944977
foundation,17,mirrored kites,lsmlab-inspired,15,-1.5919537544250488,0.010475674644112587,0.0506112165749073,0.032614219933748245,0.9815014644673963,0.9287109375,0.9999999403953552,0.06653141975402832
exact,17,mirrored kites,lsmlab-inspired,0,-1.590419054031372,0.011029163375496864,0.045783475041389465,0.030121751129627228,0.9783702213279679,0.921875,1.0,0.06730452924966812
exact,17,mirrored kites,lsmlab-inspired,1,-1.590419054031372,0.013181070797145367,0.0592212900519371,0.03355002403259277,0.9822646240406079,0.923828125,0.9989429116249084,0.06785771995782852
exact,17,mirrored kites,lsmlab-inspired,2,-1.590419054031372,0.014795388095080853,0.05826994776725769,0.021355926990509033,0.9786021085513472,0.921875,0.9978813529014587,0.06696638464927673
exact,17,mirrored kites,lsmlab-inspired,3,-1.590419054031372,0.011102510616183281,0.05326909199357033,0.03748128563165665,0.9850771294433267,0.9267578125,0.9989461898803711,0.06627416610717773
exact,17,mirrored kites,lsmlab-inspired,4,-1.590419054031372,0.016302864998579025,0.06499951332807541,0.02516770362854004,0.9769563008130082,0.9140625,0.9978632926940918,0.06609134376049042
exact,17,mirrored kites,lsmlab-inspired,5,-1.590419054031372,0.01146282535046339,0.053014758974313736,0.03502529114484787,0.9846018906539323,0.9287109375,0.9989483952522278,0.06712223589420319
exact,17,mirrored kites,lsmlab-inspired,6,-1.590419054031372,0.019501470029354095,0.07114903628826141,0.02957822009921074,0.9735772357723578,0.9208984375,0.9946978092193604,0.06647978723049164
exact,17,mirrored kites,lsmlab-inspired,7,-1.590419054031372,0.01717889867722988,0.0658043622970581,0.02113175392150879,0.9725535835515469,0.9111328125,0.9978563189506531,0.06612032651901245
exact,17,mirrored kites,lsmlab-inspired,8,-1.590419054031372,0.018879467621445656,0.07238814979791641,0.02734261006116867,0.97221629566413,0.912109375,0.9946466684341431,0.06540270894765854
exact,17,mirrored kites,lsmlab-inspired,9,-1.590419054031372,0.014249888248741627,0.0623367503285408,0.02738618291914463,0.9780448276916489,0.9228515625,0.9989418387413025,0.06684403121471405
exact,17,mirrored kites,lsmlab-inspired,10,-1.590419054031372,0.014421914704144001,0.05559036135673523,0.02587660774588585,0.9784510347770429,0.90625,0.9978448152542114,0.06721930205821991
exact,17,mirrored kites,lsmlab-inspired,11,-1.590419054031372,0.01861044205725193,0.07282945513725281,0.029362495988607407,0.9739685018872837,0.9140625,0.9978632926940918,0.06693397462368011
exact,17,mirrored kites,lsmlab-inspired,12,-1.590419054031372,0.014809789136052132,0.057235926389694214,0.02590210735797882,0.9803736694538868,0.916015625,0.9989339113235474,0.0665823295712471
exact,17,mirrored kites,lsmlab-inspired,13,-1.590419054031372,0.013759599067270756,0.05731505900621414,0.027432523667812347,0.9828192112456071,0.9111328125,0.9989281296730042,0.06756474077701569
exact,17,mirrored kites,lsmlab-inspired,14,-1.590419054031372,0.012590641155838966,0.05180419236421585,0.023565880954265594,0.9801475519785379,0.9287109375,0.9989483952522278,0.06818041205406189
exact,17,mirrored kites,lsmlab-inspired,15,-1.590419054031372,0.010426480323076248,0.05096406862139702,0.03319463133811951,0.9806606606606606,0.9296875,1.0,0.06651845574378967
