task,tag,K,prompt_len,design,cond,noise_var,prior_var,method,depth,heads,d_head,capacity_rank,capacity_regime,head_scheme,precond,temperature,projection_correction,softmax_vector_scale,seed,beta_mse_post,beta_mse_true,pred_mse_y,mean_mse_exact,exact_pred_mse_y,nll_iter,nll_exact,coverage_iter,width_iter,coverage_exact,width_exact,contraction_radius_mean,contraction_radius_max,precond_rank,eta_mean,proj_rank,proj_max,proj_min_nonzero,capacity_ge_K,first_grad_mse,last_grad_mse,attn_rank_first,attn_rank_last,attn_effrank_first,attn_effrank_last,attn_entropy_first,attn_entropy_last,layer_first_beta_mse_post,layer_last_beta_mse_post,layer_decay_ratio,log10_beta_mse_post,log10_beta_mse_true
weak_inverse,K8_cond10_below_H1_dh4_scalar_opt_softmax_vector,8,128,correlated,10.0,0.02,1.0,softmax_vector,32,1,4,4.0,below,coordinate,scalar_opt,5.0,none,context,0,1.4581182313122554e-05,0.0023401295475196093,0.02103137201629579,1.650865806368529e-05,0.021027745911851525,-0.5120392888784409,-0.5121316462755203,0.95068359375,0.5725533291697502,0.95166015625,0.5725533291697502,0.8379665538668633,0.905566081404686,0.0,0.0009243422100553289,4.0,1.0,1.0,0.0,30.518139362335205,0.4324004426598549,4.0,4.0,3.924143612384796,3.924143612384796,4.8509804010391235,4.8509804010391235,0.3752400316298008,1.4581182313122554e-05,3.885933287414184e-05,-4.836207259883131,-2.630760099762686
weak_inverse,K8_cond10_below_H1_dh4_scalar_opt_softmax_vector_projected,8,128,correlated,10.0,0.02,1.0,softmax_vector_projected,32,1,4,4.0,below,coordinate,scalar_opt,5.0,none,context,0,0.5637731328606606,0.5660123229026794,0.822994090616703,0.8017218634486198,0.021361188497394323,17.982529163360596,-0.504764873534441,0.29931640625,0.5724309757351875,0.949462890625,0.5724309831857681,0.8380628302693367,0.9051363840699196,0.0,0.0009241700463462621,4.0,1.0,1.0,0.0,934250.984375,870878.8984375,4.0,4.0,3.9182519018650055,3.9182519018650055,4.850980877876282,4.850980877876282,0.7461412698030472,0.5637731328606606,0.7556136377792804,-0.24889562468361823,-0.24717411349304227
weak_inverse,K8_cond10_below_H1_dh4_scalar_opt_linear_richardson,8,128,correlated,10.0,0.02,1.0,linear_richardson,32,1,4,4.0,below,coordinate,scalar_opt,5.0,none,context,0,0.569792777299881,0.5724250450730324,0.8405215963721275,0.8175558224320412,0.020800328580662608,18.36012578010559,-0.5176995806396008,0.2991943359375,0.5725243613123894,0.950439453125,0.5725243613123894,0.8389681354165077,0.9032669812440872,0.0,0.0009220997453667223,4.0,1.0,1.0,0.0,946651.484375,883875.515625,4.0,4.0,3.906875729560852,3.906875729560852,0.0,0.0,0.7494392544031143,0.569792777299881,0.7602601417951023,-0.24428306018374263,-0.24228137299215935
weak_inverse,K8_cond100_below_H1_dh4_scalar_opt_softmax_vector,8,128,correlated,100.0,0.02,1.0,softmax_vector,32,1,4,4.0,below,coordinate,scalar_opt,5.0,none,context,0,0.0873110331594944,0.09588281810283661,0.1664549857378006,0.1463850848376751,0.021698641125112772,2.8486337661743164,-0.49652570113539696,0.650390625,0.5725784078240395,0.9453125,0.5725784078240395,0.9809386730194092,0.9889948517084122,0.0,0.0006383343279594555,4.0,1.0,1.0,0.0,9.500224947929382,1.756875827908516,4.0,4.0,3.7532385289669037,3.7532385289669037,4.851697325706482,4.851697325706482,0.6482422202825546,0.0873110331594944,0.13470660755983477,-1.058930872703101,-1.018259210052177
weak_inverse,K8_cond100_below_H1_dh4_scalar_opt_softmax_vector_projected,8,128,correlated,100.0,0.02,1.0,softmax_vector_projected,32,1,4,4.0,below,coordinate,scalar_opt,5.0,none,context,0,0.6978994086384773,0.7066009864211082,0.9131289646029472,0.8913958072662354,0.021158051677048206,20.123998403549194,-0.5089590959250927,0.2921142578125,0.5722941979765892,0.9486083984375,0.5722941905260086,0.9808644726872444,0.9892693907022476,0.0,0.0006407600376405753,4.0,1.0,1.0,0.0,1656199.59375,1580352.359375,4.0,4.0,3.726167619228363,3.726167619228363,4.851697325706482,4.851697325706482,0.9273496717214584,0.6978994086384773,0.7525867482309764,-0.1562071696711571,-0.150825760621885
weak_inverse,K8_cond100_below_H1_dh4_scalar_opt_linear_richardson,8,128,correlated,100.0,0.02,1.0,linear_richardson,32,1,4,4.0,below,coordinate,scalar_opt,5.0,none,context,0,0.702211856842041,0.7113437652587891,1.0004922524094582,0.9764091670513153,0.021262120688334107,22.069805145263672,-0.5062022060155869,0.2860107421875,0.5725242272019386,0.948486328125,0.5725242346525192,0.9808809757232666,0.9892594218254089,0.0,0.0006402906365110539,4.0,1.0,1.0,0.0,1684342.40625,1606245.34375,4.0,4.0,3.743555784225464,3.743555784225464,0.0,0.0,0.9311183914542198,0.702211856842041,0.7541980091324465,-0.153531841749623,-0.14792047061372227
weak_inverse,K8_cond1000_below_H1_dh4_scalar_opt_softmax_vector,8,128,correlated,1000.0,0.02,1.0,softmax_vector,32,1,4,4.0,below,coordinate,scalar_opt,5.0,none,context,0,0.330664299428463,0.3734542280435562,0.5922191962599754,0.5707874149084091,0.02209751820191741,12.720924258232117,-0.48711736127734184,0.474853515625,0.5718467384576797,0.9451904296875,0.5718467459082603,0.9976120814681053,0.9985750541090965,0.0,0.000500796566484496,4.0,1.0,1.0,0.0,2.9157519340515137,1.8095795214176178,4.0,4.0,3.4952186346054077,3.4952186346054077,4.851936399936676,4.851936399936676,0.7397142946720123,0.330664299428463,0.4470099184522502,-0.48061269168494714,-0.4277626193539428
weak_inverse,K8_cond1000_below_H1_dh4_scalar_opt_softmax_vector_projected,8,128,correlated,1000.0,0.02,1.0,softmax_vector_projected,32,1,4,4.0,below,coordinate,scalar_opt,5.0,none,context,0,0.7966739684343338,0.8438543751835823,0.9772385433316231,0.958375059068203,0.021248112665489316,21.609087467193604,-0.5069625526666641,0.293212890625,0.5716959312558174,0.951171875,0.5716959312558174,0.9976124987006187,0.998565748333931,0.0,0.000501444454130251,4.0,1.0,1.0,0.0,2378477.46875,2333453.375,4.0,4.0,3.4735938012599945,3.4735938012599945,4.851936221122742,4.851936221122742,0.9350849166512489,0.7966739684343338,0.8520074918555629,-0.09871937330766643,-0.07373249355317218
weak_inverse,K8_cond1000_below_H1_dh4_scalar_opt_linear_richardson,8,128,correlated,1000.0,0.02,1.0,linear_richardson,32,1,4,4.0,below,coordinate,scalar_opt,5.0,none,context,0,0.8078638538718224,0.853833444416523,1.023721657693386,1.0045699328184128,0.021196422167122364,22.704766511917114,-0.5083790011703968,0.293701171875,0.5716774612665176,0.950439453125,0.5716774612665176,0.9976039454340935,0.9985886216163635,0.0,0.000502724462421611,4.0,1.0,1.0,0.0,2389061.625,2341912.6875,4.0,4.0,3.472662538290024,3.472662538290024,0.0,0.0,0.9417014122009277,0.8078638538718224,0.8578616860304664,-0.09266182300534466,-0.06862683800586218
weak_inverse,K8_cond10_at_H1_dh8_scalar_opt_softmax_vector,8,128,correlated,10.0,0.02,1.0,softmax_vector,32,1,8,8.0,at,coordinate,scalar_opt,5.0,none,context,0,1.7490764321337338e-05,0.002311130549060181,0.021531844977289438,2.4397982997470535e-05,0.021519098663702607,-0.500590093433857,-0.5008860044181347,0.9471435546875,0.5723287016153336,0.946533203125,0.5723287016153336,0.8377131745219231,0.9054050445556641,0.0,0.000923557992791757,8.0,1.0,1.0,1.0,55.6534161567688,0.6349851489067078,8.0,8.0,7.466701507568359,7.466701507568359,4.849550902843475,4.849550902843475,0.3789949379861355,1.7490764321337338e-05,4.614242446179631e-05,-4.75719121206012,-2.6361755217925884
weak_inverse,K8_cond10_at_H1_dh8_scalar_opt_softmax_vector_projected,8,128,correlated,10.0,0.02,1.0,softmax_vector_projected,32,1,8,8.0,at,coordinate,scalar_opt,5.0,none,context,0,1.74790482105891e-05,0.0023074483033269644,0.021409787237644196,2.5696341708680848e-05,0.021355708129704,-0.5032995939254761,-0.504545945674181,0.94873046875,0.5726349428296089,0.9493408203125,0.5726349428296089,0.8382864221930504,0.9068188592791557,0.0,0.0009236039113602601,8.0,1.0,1.0,1.0,55.91935443878174,0.6332118287682533,8.0,8.0,7.422008812427521,7.422008812427521,4.849551200866699,4.849551200866699,0.37419837713241577,1.74790482105891e-05,4.6783999705669886e-05,-4.757482219764727,-2.6368680202397905
weak_inverse,K8_cond10_at_H1_dh8_scalar_opt_linear_richardson,8,128,correlated,10.0,0.02,1.0,linear_richardson,32,1,8,8.0,at,coordinate,scalar_opt,5.0,none,context,0,1.3166520488994138e-05,0.002341175772016868,0.021135978400707245,1.5572564961985336e-05,0.021134248236194253,-0.5094631798565388,-0.5094926245510578,0.9483642578125,0.5725874826312065,0.9486083984375,0.5725875049829483,0.8390878736972809,0.9038669168949127,0.0,0.0009210891512339003,8.0,1.0,1.0,1.0,1.4705598183617496e-08,4.2238420316920156e-08,8.0,8.0,7.397553622722626,7.397553622722626,0.0,0.0,0.37821535021066666,1.3166520488994138e-05,3.478323858601467e-05,-4.880528980701478,-2.630565978891458
weak_inverse,K8_cond100_at_H1_dh8_scalar_opt_softmax_vector,8,128,correlated,100.0,0.02,1.0,softmax_vector,32,1,8,8.0,at,coordinate,scalar_opt,5.0,none,context,0,0.11538914684206247,0.12389870081096888,0.2717299722135067,0.2482993435114622,0.021627583308145404,5.288567304611206,-0.4979134127497673,0.610595703125,0.5723866745829582,0.9476318359375,0.5723866522312164,0.9808737486600876,0.9898222461342812,0.0,0.000640265890979208,8.0,1.0,1.0,1.0,90.12647247314453,59.29525804519653,8.0,8.0,6.227797627449036,6.227797627449036,4.849552690982819,4.849552690982819,0.6534186974167824,0.11538914684206247,0.17657384392419617,-0.9378350376990381,-0.9069332475673214
weak_inverse,K8_cond100_at_H1_dh8_scalar_opt_softmax_vector_projected,8,128,correlated,100.0,0.02,1.0,softmax_vector_projected,32,1,8,8.0,at,coordinate,scalar_opt,5.0,none,context,0,0.10944028943777084,0.11778798513114452,0.24879348650574684,0.22805112041532993,0.021377779077738523,4.7547942996025085,-0.5041580274701118,0.6192626953125,0.5725012347102165,0.94970703125,0.5725012272596359,0.9808773547410965,0.9895281344652176,0.0,0.0006400714482879266,8.0,1.0,1.0,1.0,85.57083511352539,53.23820972442627,8.0,8.0,6.217045247554779,6.217045247554779,4.849552154541016,4.849552154541016,0.6389640346169472,0.10944028943777084,0.17126987514551983,-0.9608227670397073,-0.9288990071496318
weak_inverse,K8_cond100_at_H1_dh8_scalar_opt_linear_richardson,8,128,correlated,100.0,0.02,1.0,linear_richardson,32,1,8,8.0,at,coordinate,scalar_opt,5.0,none,context,0,0.08716142643243074,0.09571224357932806,0.16087882779538631,0.1408859957009554,0.021051821066066623,2.723243534564972,-0.5117212794721127,0.6536865234375,0.5723182782530785,0.9508056640625,0.5723182782530785,0.9808673560619354,0.9890405535697937,0.0,0.0006400358324754052,8.0,1.0,1.0,1.0,2.306392943296487e-08,1.1423079282479875e-07,8.0,8.0,6.284929573535919,6.284929573535919,0.0,0.0,0.6565211862325668,0.08716142643243074,0.13278303448126594,-1.0596756709606105,-1.0190325034057188
weak_inverse,K8_cond1000_at_H1_dh8_scalar_opt_softmax_vector,8,128,correlated,1000.0,0.02,1.0,softmax_vector,32,1,8,8.0,at,coordinate,scalar_opt,5.0,none,context,0,0.43714241310954094,0.48101330921053886,1.112242430448532,1.0848094820976257,0.021398588083684444,24.777692317962646,-0.5034314803779125,0.4293212890625,0.5715573504567146,0.9493408203125,0.5715573281049728,0.9976089373230934,0.9985736757516861,0.0,0.0005022457262384705,8.0,1.0,1.0,1.0,131.53232669830322,390.4065399169922,8.0,8.0,4.985872983932495,4.985872983932495,4.849552750587463,4.849552750587463,0.7490349188446999,0.43714241310954094,0.5835572001385976,-0.35937705467294434,-0.31784290691779105
weak_inverse,K8_cond1000_at_H1_dh8_scalar_opt_softmax_vector_projected,8,128,correlated,1000.0,0.02,1.0,softmax_vector_projected,32,1,8,8.0,at,coordinate,scalar_opt,5.0,none,context,0,0.43967022001743317,0.4840991534292698,1.1858887076377869,1.1600891947746277,0.021279424196109176,26.396028757095337,-0.506327573210001,0.435302734375,0.5719150453805923,0.9517822265625,0.5719150379300117,0.9976083040237427,0.9985922053456306,0.0,0.0005015136339352466,8.0,1.0,1.0,1.0,138.42177772521973,387.9413414001465,8.0,8.0,5.062764883041382,5.062764883041382,4.849549472332001,4.849549472332001,0.7482488825917244,0.43967022001743317,0.5875843282230979,-0.3568729492542808,-0.31506567683301684
weak_inverse,K8_cond1000_at_H1_dh8_scalar_opt_linear_richardson,8,128,correlated,1000.0,0.02,1.0,linear_richardson,32,1,8,8.0,at,coordinate,scalar_opt,5.0,none,context,0,0.32593952491879463,0.3716612458229065,0.541263036429882,0.5180973075330257,0.021573959151282907,11.55885624885559,-0.4992908053100109,0.48681640625,0.5718495845794678,0.9482421875,0.5718495845794678,0.9976110383868217,0.9986109882593155,0.0,0.0005012988767703064,8.0,1.0,1.0,1.0,3.148486604764855e-08,2.6879063597107233e-07,8.0,8.0,5.010018706321716,5.010018706321716,0.0,0.0,0.7327910512685776,0.32593952491879463,0.44478104802606655,-0.48686297180454796,-0.4298527216665172
weak_inverse,K8_cond10_above_H1_dh16_scalar_opt_softmax_vector,8,128,correlated,10.0,0.02,1.0,softmax_vector,32,1,16,16.0,above,coordinate,scalar_opt,5.0,none,context,0,1.344114707535482e-05,0.002297370694577694,0.02122124470770359,1.695858736638911e-05,0.021198431961238384,-0.5078262574970722,-0.5083504132926464,0.9510498046875,0.5725461840629578,0.951416015625,0.572546198964119,0.8375974223017693,0.9048144742846489,0.0,0.0009244117536582053,8.0,1.0,1.0,1.0,14.040614485740662,0.16012918390333652,8.0,8.0,7.415403842926025,7.415403842926025,4.850791394710541,4.850791394710541,0.37794215232133865,1.344114707535482e-05,3.556476568457631e-05,-4.871563666755458,-2.6387689231243194
weak_inverse,K8_cond10_above_H1_dh16_scalar_opt_softmax_vector_projected,8,128,correlated,10.0,0.02,1.0,softmax_vector_projected,32,1,16,16.0,above,coordinate,scalar_opt,5.0,none,context,0,1.4741259519723826e-05,0.0023062051623128355,0.021306822542101145,2.042417713710165e-05,0.02129121427424252,-0.5059307552874088,-0.5062827356159687,0.950439453125,0.5723444074392319,0.950927734375,0.5723444074392319,0.8385323658585548,0.9073194339871407,0.0,0.0009232565789716318,8.0,1.0,1.0,1.0,14.151567816734314,0.1587778739631176,8.0,8.0,7.410301625728607,7.410301625728607,4.850790560245514,4.850790560245514,0.3809533827006817,1.4741259519723826e-05,3.872238955106274e-05,-4.831465407990074,-2.637102060052165
weak_inverse,K8_cond10_above_H1_dh16_scalar_opt_linear_richardson,8,128,correlated,10.0,0.02,1.0,linear_richardson,32,1,16,16.0,above,coordinate,scalar_opt,5.0,none,context,0,1.2881877751169668e-05,0.0023124868457671255,0.02071684831753373,1.7672159742687654e-05,0.020696216030046344,-0.5196101330220699,-0.5200868956744671,0.955810546875,0.5726303830742836,0.955322265625,0.5726303905248642,0.8383106514811516,0.9035587012767792,0.0,0.0009225644389516674,8.0,1.0,1.0,1.0,1.4672433601425894e-08,4.205471304530306e-08,8.0,8.0,7.4135226011276245,7.4135226011276245,0.0,0.0,0.38010423630476,1.2881877751169668e-05,3.38567936955711e-05,-4.8900208266087954,-2.6359207290006053
weak_inverse,K8_cond100_above_H1_dh16_scalar_opt_softmax_vector,8,128,correlated,100.0,0.02,1.0,softmax_vector,32,1,16,16.0,above,coordinate,scalar_opt,5.0,none,context,0,0.09476822335273027,0.10332982521504164,0.20894786156713963,0.18836489506065845,0.021044678753241897,3.8265780210494995,-0.5119231641292572,0.630615234375,0.5725633278489113,0.952392578125,0.5725633352994919,0.9809509813785553,0.9896907582879066,0.0,0.000638927762338426,8.0,1.0,1.0,1.0,22.093189001083374,8.01021933555603,8.0,8.0,6.242873251438141,6.242873251438141,4.850789308547974,4.850789308547974,0.6429470703005791,0.09476822335273027,0.14739316650072684,-1.0233372611430274,-0.9857743052300209
weak_inverse,K8_cond100_above_H1_dh16_scalar_opt_softmax_vector_projected,8,128,correlated,100.0,0.02,1.0,softmax_vector_projected,32,1,16,16.0,above,coordinate,scalar_opt,5.0,none,context,0,0.09495190996676683,0.10366063192486763,0.19141927920281887,0.17055833898484707,0.020971156656742096,3.426321893930435,-0.5132676176726818,0.6407470703125,0.5722760856151581,0.9525146484375,0.5722760856151581,0.980942852795124,0.9891777634620667,0.0,0.0006391251445165835,8.0,1.0,1.0,1.0,21.47446870803833,7.453848898410797,8.0,8.0,6.236991286277771,6.236991286277771,4.850790560245514,4.850790560245514,0.6482403799891472,0.09495190996676683,0.146430753835259,-1.0224962949639853,-0.9843861479888041
weak_inverse,K8_cond100_above_H1_dh16_scalar_opt_linear_richardson,8,128,correlated,100.0,0.02,1.0,linear_richardson,32,1,16,16.0,above,coordinate,scalar_opt,5.0,none,context,0,0.08736520539969206,0.09540611412376165,0.17942528426647186,0.15622441098093987,0.021614094264805317,3.1447443664073944,-0.49839355796575546,0.6505126953125,0.5725457221269608,0.9483642578125,0.572545737028122,0.9808768630027771,0.989344485104084,0.0,0.0006400367274181917,8.0,1.0,1.0,1.0,2.3987690278559626e-08,1.2077303068736e-07,8.0,8.0,6.203248202800751,6.203248202800751,0.0,0.0,0.6523794159293175,0.08736520539969206,0.13390885018838167,-1.0586614977046638,-1.0204237925377728
weak_inverse,K8_cond1000_above_H1_dh16_scalar_opt_softmax_vector,8,128,correlated,1000.0,0.02,1.0,softmax_vector,32,1,16,16.0,above,coordinate,scalar_opt,5.0,none,context,0,0.3636205904185772,0.41020121425390244,0.7316557988524437,0.7099863588809967,0.021477215224877,15.946421146392822,-0.501602616161108,0.451904296875,0.5716541334986687,0.944580078125,0.5716541409492493,0.9976034834980965,0.9985438212752342,0.0,0.0005022333934903145,8.0,1.0,1.0,1.0,34.055110454559326,49.21699523925781,8.0,8.0,5.070757567882538,5.070757567882538,4.85079038143158,4.85079038143158,0.7443883121013641,0.3636205904185772,0.48847346767695765,-0.43935153234781654,-0.3870030583923504
weak_inverse,K8_cond1000_above_H1_dh16_scalar_opt_softmax_vector_projected,8,128,correlated,1000.0,0.02,1.0,softmax_vector_projected,32,1,16,16.0,above,coordinate,scalar_opt,5.0,none,context,0,0.3616119772195816,0.40497881919145584,0.7109881415963173,0.6883625015616417,0.021605056477710605,15.504392743110657,-0.4986572451889515,0.447509765625,0.5717674195766449,0.9490966796875,0.5717674195766449,0.9976104125380516,0.9985612481832504,0.0,0.0005014216658310033,8.0,1.0,1.0,1.0,32.91787528991699,43.69572401046753,8.0,8.0,5.018684148788452,5.018684148788452,4.850788950920105,4.850788950920105,0.7400630488991737,0.3616119772195816,0.48866494717770326,-0.4417571933675034,-0.39256769023920735
weak_inverse,K8_cond1000_above_H1_dh16_scalar_opt_linear_richardson,8,128,correlated,1000.0,0.02,1.0,linear_richardson,32,1,16,16.0,above,coordinate,scalar_opt,5.0,none,context,0,0.3279169797897339,0.3705994300544262,0.5220062285661697,0.5022392868995667,0.020342154894024134,11.110124826431274,-0.5283216685056686,0.4853515625,0.571737565100193,0.953125,0.5717375725507736,0.9976096674799919,0.9986006394028664,0.0,0.0005007475774618797,8.0,1.0,1.0,1.0,3.259145309186806e-08,2.79946963388511e-07,8.0,8.0,4.974960446357727,4.974960446357727,0.0,0.0,0.7394171804189682,0.3279169797897339,0.44344355293480175,-0.48423609465097506,-0.4310952529189238
weak_inverse,K16_cond10_below_H1_dh8_scalar_opt_softmax_vector,16,128,correlated,10.0,0.02,1.0,softmax_vector,32,1,8,8.0,below,coordinate,scalar_opt,5.0,none,context,0,4.241020178596955e-05,0.00464706018101424,0.022942703450098634,4.980510493624024e-05,0.02286710822954774,-0.46949058771133423,-0.4711102545261383,0.95068359375,0.5925814509391785,0.9510498046875,0.5925814434885979,0.8711643442511559,0.9232149422168732,0.0,0.001680541186942719,8.0,1.0,1.0,0.0,3.5161861181259155,0.05117621039971709,8.0,8.0,7.80773538351059,7.80773538351059,4.8514683842659,4.8514683842659,0.37182263284921646,4.241020178596955e-05,0.00011405321196878546,-4.37252966118036,-2.332821703223055
weak_inverse,K16_cond10_below_H1_dh8_scalar_opt_softmax_vector_projected,16,128,correlated,10.0,0.02,1.0,softmax_vector_projected,32,1,8,8.0,below,coordinate,scalar_opt,5.0,none,context,0,0.6311834827065468,0.6357512250542641,0.8595831096172333,0.836924284696579,0.02332758787088096,17.52532935142517,-0.46086908876895905,0.2713623046875,0.5928727015852928,0.945068359375,0.5928726866841316,0.8707301914691925,0.9187252372503281,0.0,0.0016828101797727868,8.0,1.0,1.0,0.0,231824.6171875,201951.412109375,8.0,8.0,7.808576285839081,7.808576285839081,4.851467967033386,4.851467967033386,0.7623254805803299,0.6311834827065468,0.8279359318256095,-0.19984437460101412,-0.19671279429217592
weak_inverse,K16_cond10_below_H1_dh8_scalar_opt_linear_richardson,16,128,correlated,10.0,0.02,1.0,linear_richardson,32,1,8,8.0,below,coordinate,scalar_opt,5.0,none,context,0,0.6213682368397713,0.6263162791728973,0.837895892560482,0.8145119324326515,0.022740771295502782,17.044139862060547,-0.4735979810357094,0.2784423828125,0.5926564261317253,0.9510498046875,0.5926564335823059,0.8711849302053452,0.9219904094934464,0.0,0.0016798671276774257,8.0,1.0,1.0,0.0,229807.123046875,199596.52734375,8.0,8.0,7.811496317386627,7.811496317386627,0.0,0.0,0.7527792751789093,0.6213682368397713,0.8254569366945197,-0.20665095081999685,-0.20320629999743473
weak_inverse,K16_cond100_below_H1_dh8_scalar_opt_softmax_vector,16,128,correlated,100.0,0.02,1.0,softmax_vector,32,1,8,8.0,below,coordinate,scalar_opt,5.0,none,context,0,0.06734742317348719,0.08248171024024487,0.10803501587361097,0.08734255097806454,0.023139319149777293,1.3740391582250595,-0.46448786556720734,0.7222900390625,0.5920778289437294,0.9493408203125,0.5920778214931488,0.9829877316951752,0.9899082183837891,0.0,0.0011212758690817282,8.0,1.0,1.0,0.0,1.212704911828041,0.14513582922518253,8.0,8.0,7.471660137176514,7.471660137176514,4.851834237575531,4.851834237575531,0.6085406318306923,0.06734742317348719,0.11067309163513718,-1.1716790164657829,-1.0836423426299635
weak_inverse,K16_cond100_below_H1_dh8_scalar_opt_softmax_vector_projected,16,128,correlated,100.0,0.02,1.0,softmax_vector_projected,32,1,8,8.0,below,coordinate,scalar_opt,5.0,none,context,0,0.7982455715537071,0.8134565651416779,0.9915117472410202,0.971132218837738,0.022464022506028414,20.399718284606934,-0.479233980178833,0.2618408203125,0.5922001972794533,0.953125,0.5922001898288727,0.9829609915614128,0.9905208572745323,0.0,0.0011221555905649439,8.0,1.0,1.0,0.0,410891.8828125,373117.9375,8.0,8.0,7.436307489871979,7.436307489871979,4.851834356784821,4.851834356784821,0.9191668331623077,0.7982455715537071,0.8684324305353319,-0.09786348212785131,-0.08966563144610876
weak_inverse,K16_cond100_below_H1_dh8_scalar_opt_linear_richardson,16,128,correlated,100.0,0.02,1.0,linear_richardson,32,1,8,8.0,below,coordinate,scalar_opt,5.0,none,context,0,0.8017466217279434,0.8159690201282501,1.0254865363240242,1.0018019080162048,0.022527863970026374,21.125861167907715,-0.4783553220331669,0.267578125,0.592069461941719,0.9503173828125,0.592069461941719,0.9829922690987587,0.9903721958398819,0.0,0.0011203360045328736,8.0,1.0,1.0,0.0,413354.25,374172.60546875,8.0,8.0,7.477623641490936,7.477623641490936,0.0,0.0,0.9153282716870308,0.8017466217279434,0.8759109179800681,-0.09596286135649554,-0.0883263297789317
weak_inverse,K16_cond1000_below_H1_dh8_scalar_opt_softmax_vector,16,128,correlated,1000.0,0.02,1.0,softmax_vector,32,1,8,8.0,below,coordinate,scalar_opt,5.0,none,context,0,0.25488346070051193,0.3211457282304764,0.3322467915713787,0.310316801071167,0.022906305035576224,6.278369903564453,-0.46947041526436806,0.5498046875,0.5899376720190048,0.9490966796875,0.5899376645684242,0.997469536960125,0.9984834268689156,0.0,0.0008367872142116539,8.0,1.0,1.0,0.0,0.38340016454458237,0.14267454110085964,8.0,8.0,6.995521068572998,6.995521068572998,4.851969659328461,4.851969659328461,0.6845166236162186,0.25488346070051193,0.37233992329005877,-0.5936583448349537,-0.493297850446613
weak_inverse,K16_cond1000_below_H1_dh8_scalar_opt_softmax_vector_projected,16,128,correlated,1000.0,0.02,1.0,softmax_vector_projected,32,1,8,8.0,below,coordinate,scalar_opt,5.0,none,context,0,0.8458523899316788,0.9087289124727249,1.0373296067118645,1.0146669447422028,0.023163121193647385,21.609366178512573,-0.46465927734971046,0.2626953125,0.5901498422026634,0.9486083984375,0.5901498422026634,0.9974715039134026,0.9984082728624344,0.0,0.0008363697124877945,8.0,1.0,1.0,0.0,614072.3046875,589591.8203125,8.0,8.0,7.012152671813965,7.012152671813965,4.851969599723816,4.851969599723816,0.9260641261935234,0.8458523899316788,0.9133287565625865,-0.07270541926762382,-0.041565654045414235
weak_inverse,K16_cond1000_below_H1_dh8_scalar_opt_linear_richardson,16,128,correlated,1000.0,0.02,1.0,linear_richardson,32,1,8,8.0,below,coordinate,scalar_opt,5.0,none,context,0,0.8378694131970406,0.8995700255036354,1.0301754027605057,1.006325826048851,0.02246445813216269,21.427186489105225,-0.4799722842872143,0.2567138671875,0.590318039059639,0.9503173828125,0.590318039059639,0.9974721744656563,0.9984189942479134,0.0,0.0008356611360795796,8.0,1.0,1.0,0.0,597729.203125,573249.9921875,8.0,8.0,6.972639083862305,6.972639083862305,0.0,0.0,0.9190623834729195,0.8378694131970406,0.9116778883797877,-0.0768236634070026,-0.045965024084836256
weak_inverse,K16_cond10_at_H1_dh16_scalar_opt_softmax_vector,16,128,correlated,10.0,0.02,1.0,softmax_vector,32,1,16,16.0,at,coordinate,scalar_opt,5.0,none,context,0,4.3784280478575965e-05,0.004683426406700164,0.023155404487624764,5.186899306863779e-05,0.023121980484575033,-0.4640769511461258,-0.4647945687174797,0.9505615234375,0.5925545766949654,0.9503173828125,0.5925545692443848,0.8707629069685936,0.922870971262455,0.0,0.0016809244989417493,16.0,1.0,1.0,1.0,4.767149031162262,0.0630000215023756,16.0,16.0,14.84035611152649,14.84035611152649,4.850789964199066,4.850789964199066,0.37136417999863625,4.3784280478575965e-05,0.00011787479066569496,-4.358681782801152,-2.329436299692518
weak_inverse,K16_cond10_at_H1_dh16_scalar_opt_softmax_vector_projected,16,128,correlated,10.0,0.02,1.0,softmax_vector_projected,32,1,16,16.0,at,coordinate,scalar_opt,5.0,none,context,0,4.250598385624471e-05,0.004624234512448311,0.022959514521062374,5.370186454456416e-05,0.022894625086337328,-0.4686819091439247,-0.470080953091383,0.950927734375,0.592763178050518,0.9512939453125,0.5927631705999374,0.871002584695816,0.9229528531432152,0.0,0.0016813798865769058,16.0,1.0,1.0,1.0,4.728967189788818,0.06301084533333778,16.0,16.0,14.803026914596558,14.803026914596558,4.850789666175842,4.850789666175842,0.36862433329224586,4.250598385624471e-05,0.00011529483753775601,-4.371549927059883,-2.3349601493107843
weak_inverse,K16_cond10_at_H1_dh16_scalar_opt_linear_richardson,16,128,correlated,10.0,0.02,1.0,linear_richardson,32,1,16,16.0,at,coordinate,scalar_opt,5.0,none,context,0,3.979358461947413e-05,0.004732569446787238,0.022886447608470917,4.770055193148437e-05,0.02283750381320715,-0.4704146906733513,-0.4715033732354641,0.9495849609375,0.59247837215662,0.949462890625,0.5924783870577812,0.8711504489183426,0.9220469892024994,0.0,0.0016833075496833771,16.0,1.0,1.0,1.0,3.73802230835274e-09,1.0798126059974322e-08,16.0,16.0,14.785781264305115,14.785781264305115,0.0,0.0,0.3681285195052624,3.979358461947413e-05,0.00010811866417610201,-4.400186937698608,-2.324903004382614
weak_inverse,K16_cond100_at_H1_dh16_scalar_opt_softmax_vector,16,128,correlated,100.0,0.02,1.0,softmax_vector,32,1,16,16.0,at,coordinate,scalar_opt,5.0,none,context,0,0.07147861272096634,0.08699621446430683,0.1277918415144086,0.10430400259792805,0.023081856546923518,1.7998133599758148,-0.4656987227499485,0.7076416015625,0.5918756127357483,0.9501953125,0.5918756276369095,0.9829342067241669,0.9906969591975212,0.0,0.001122259651310742,16.0,1.0,1.0,1.0,6.208263874053955,1.1599548384547234,16.0,16.0,12.65404987335205,12.65404987335205,4.850789308547974,4.850789308547974,0.6165111362934113,0.07147861272096634,0.11593530727425835,-1.1458238850062896,-1.060499644772545
weak_inverse,K16_cond100_at_H1_dh16_scalar_opt_softmax_vector_projected,16,128,correlated,100.0,0.02,1.0,softmax_vector_projected,32,1,16,16.0,at,coordinate,scalar_opt,5.0,none,context,0,0.07212790753692389,0.08734881971031427,0.12301092687994242,0.10044523514807224,0.022598801646381617,1.6932152807712555,-0.4763319566845894,0.7030029296875,0.5923265740275383,0.9537353515625,0.5923265665769577,0.9830087199807167,0.9900779724121094,0.0,0.0011204630573047325,16.0,1.0,1.0,1.0,6.28456848859787,1.1576052755117416,16.0,16.0,12.611661195755005,12.611661195755005,4.850789368152618,4.850789368152618,0.6194708421826363,0.07212790753692389,0.1164242241424028,-1.1418966667056634,-1.058742958989702
weak_inverse,K16_cond100_at_H1_dh16_scalar_opt_linear_richardson,16,128,correlated,100.0,0.02,1.0,linear_richardson,32,1,16,16.0,at,coordinate,scalar_opt,5.0,none,context,0,0.0677323006093502,0.0826676981523633,0.11150387208908796,0.09078245237469673,0.022757929982617497,1.4453587532043457,-0.4727773256599903,0.7210693359375,0.5919306948781013,0.9510498046875,0.591930702328682,0.9829530343413353,0.9904308170080185,0.0,0.0011237026628805324,16.0,1.0,1.0,1.0,5.863438623521233e-09,2.6267603203677936e-08,16.0,16.0,12.591394782066345,12.591394782066345,0.0,0.0,0.6112678498029709,0.0677323006093502,0.11080487927238504,-1.1692041728067926,-1.0826641549529046
weak_inverse,K16_cond1000_at_H1_dh16_scalar_opt_softmax_vector,16,128,correlated,1000.0,0.02,1.0,softmax_vector,32,1,16,16.0,at,coordinate,scalar_opt,5.0,none,context,0,0.26511477679014206,0.32710350304841995,0.389765840023756,0.36617403849959373,0.02327654743567109,7.514564394950867,-0.4617498256266117,0.53466796875,0.5903941318392754,0.950927734375,0.5903941243886948,0.9974753335118294,0.9984457418322563,0.0,0.0008356980033568107,16.0,1.0,1.0,1.0,7.849569261074066,4.97711718082428,16.0,16.0,10.415589213371277,10.415589213371277,4.850789964199066,4.850789964199066,0.6863445863127708,0.26511477679014206,0.3862626502848091,-0.5765660651768687,-0.48531480486171275
weak_inverse,K16_cond1000_at_H1_dh16_scalar_opt_softmax_vector_projected,16,128,correlated,1000.0,0.02,1.0,softmax_vector_projected,32,1,16,16.0,at,coordinate,scalar_opt,5.0,none,context,0,0.2659606821835041,0.3301246538758278,0.38982144370675087,0.36894840002059937,0.022616068134084344,7.53359979391098,-0.47637422755360603,0.531005859375,0.5900565385818481,0.95166015625,0.5900565534830093,0.9974791780114174,0.9984181225299835,0.0,0.0008343751032953151,16.0,1.0,1.0,1.0,8.005174577236176,5.037555456161499,16.0,16.0,10.316509008407593,10.316509008407593,4.850789427757263,4.850789427757263,0.6868191510438919,0.2659606821835041,0.3872641530770512,-0.5751825617630912,-0.4813220411273803
weak_inverse,K16_cond1000_at_H1_dh16_scalar_opt_linear_richardson,16,128,correlated,1000.0,0.02,1.0,linear_richardson,32,1,16,16.0,at,coordinate,scalar_opt,5.0,none,context,0,0.2547144517302513,0.31838544458150864,0.3260818347334862,0.30437688156962395,0.022872216999530792,6.137699663639069,-0.4701667055487633,0.5533447265625,0.590028814971447,0.9481201171875,0.5900288000702858,0.9974732398986816,0.9984234496951103,0.0,0.000834156948258169,16.0,1.0,1.0,1.0,8.543668328364618e-09,5.5708593293957165e-08,16.0,16.0,10.3842054605484,10.3842054605484,0.0,0.0,0.6877317726612091,0.2547144517302513,0.37036482834946877,-0.5939464137774553,-0.4970467948364559
weak_inverse,K16_cond10_above_H1_dh32_scalar_opt_softmax_vector,16,128,correlated,10.0,0.02,1.0,softmax_vector,32,1,32,32.0,above,coordinate,scalar_opt,5.0,none,context,0,4.100440992260701e-05,0.00465243449434638,0.022653293097391725,5.06818610119808e-05,0.022635721135884523,-0.4752712845802307,-0.4756849780678749,0.9508056640625,0.5926684662699699,0.9500732421875,0.5926684811711311,0.8713304549455643,0.9243451580405235,0.0,0.00168204827059526,16.0,1.0,1.0,1.0,1.199062004685402,0.01580531185027212,16.0,16.0,14.775328516960144,14.775328516960144,4.851410269737244,4.851410269737244,0.37075234577059746,4.100440992260701e-05,0.00011064786858660914,-4.387169433473865,-2.3323197329621985
weak_inverse,K16_cond10_above_H1_dh32_scalar_opt_softmax_vector_projected,16,128,correlated,10.0,0.02,1.0,softmax_vector_projected,32,1,32,32.0,above,coordinate,scalar_opt,5.0,none,context,0,4.1058594433707185e-05,0.004651485360227525,0.02271154196932912,5.067482788945199e-05,0.022678046487271786,-0.4747565872967243,-0.47547855228185654,0.949462890625,0.5927065685391426,0.94921875,0.592706561088562,0.8711017593741417,0.9205861836671829,0.0,0.0016823242331156507,16.0,1.0,1.0,1.0,1.2025348544120789,0.01578976574819535,16.0,16.0,14.85142457485199,14.85142457485199,4.851410090923309,4.851410090923309,0.3701235204935074,4.1058594433707185e-05,0.00011097257870108378,-4.38659592199254,-2.332408341574112
weak_inverse,K16_cond10_above_H1_dh32_scalar_opt_linear_richardson,16,128,correlated,10.0,0.02,1.0,linear_richardson,32,1,32,32.0,above,coordinate,scalar_opt,5.0,none,context,0,4.001913976026117e-05,0.004662056395318359,0.022760677617043257,4.8271338073391235e-05,0.022695257095620036,-0.4730256572365761,-0.4744188077747822,0.949462890625,0.5926922187209129,0.9500732421875,0.5926922187209129,0.8708433583378792,0.9207734987139702,0.0,0.00168545451015234,16.0,1.0,1.0,1.0,3.5988219626581497e-09,1.0560564422945617e-08,16.0,16.0,14.773581862449646,14.773581862449646,0.0,0.0,0.36877065151929855,4.001913976026117e-05,0.00010846208206707054,-4.3977322510668,-2.3314224772703045
weak_inverse,K16_cond100_above_H1_dh32_scalar_opt_softmax_vector,16,128,correlated,100.0,0.02,1.0,softmax_vector,32,1,32,32.0,above,coordinate,scalar_opt,5.0,none,context,0,0.06833422183990479,0.08347485959529877,0.11568427924066782,0.09209674503654242,0.02298932266421616,1.542019009590149,-0.46860984340310097,0.706787109375,0.5920692086219788,0.9454345703125,0.5920692011713982,0.9830075278878212,0.9902376160025597,0.0,0.0011213988327654079,16.0,1.0,1.0,1.0,1.5223546624183655,0.2398394737392664,16.0,16.0,12.628992319107056,12.628992319107056,4.8514100313186646,4.8514100313186646,0.611611858010292,0.06833422183990479,0.11171011522477906,-1.1653617467713353,-1.0784443027562303
weak_inverse,K16_cond100_above_H1_dh32_scalar_opt_softmax_vector_projected,16,128,correlated,100.0,0.02,1.0,softmax_vector_projected,32,1,32,32.0,above,coordinate,scalar_opt,5.0,none,context,0,0.06836684793233871,0.08353343047201633,0.1180674759671092,0.09662739094346762,0.02236999594606459,1.5901598036289215,-0.48159370571374893,0.71630859375,0.5919835418462753,0.951416015625,0.5919835418462753,0.9829494506120682,0.9902289807796478,0.0,0.001123045600252226,16.0,1.0,1.0,1.0,1.5224787443876266,0.24155968613922596,16.0,16.0,12.58318316936493,12.58318316936493,4.8514100313186646,4.8514100313186646,0.60822344571352,0.06836684793233871,0.1123798951417643,-1.165154442875283,-1.0781396830323675
weak_inverse,K16_cond100_above_H1_dh32_scalar_opt_linear_richardson,16,128,correlated,100.0,0.02,1.0,linear_richardson,32,1,32,32.0,above,coordinate,scalar_opt,5.0,none,context,0,0.06808621343225241,0.0831984868273139,0.11434763111174107,0.09165430348366499,0.022681997157633305,1.51106096804142,-0.4745776131749153,0.7109375,0.5919186472892761,0.952392578125,0.5919186398386955,0.9829669967293739,0.9904276058077812,0.0,0.0011222259345231578,16.0,1.0,1.0,1.0,5.883057208055931e-09,2.648020536177853e-08,16.0,16.0,12.643001675605774,12.643001675605774,0.0,0.0,0.6086923182010651,0.06808621343225241,0.11185919108663625,-1.1669408181377936,-1.0798845723694175
weak_inverse,K16_cond1000_above_H1_dh32_scalar_opt_softmax_vector,16,128,correlated,1000.0,0.02,1.0,softmax_vector,32,1,32,32.0,above,coordinate,scalar_opt,5.0,none,context,0,0.25853554904460907,0.32130858302116394,0.3392302580177784,0.3185370862483978,0.022564971819519997,6.4432448744773865,-0.47745775803923607,0.5482177734375,0.589874617755413,0.9503173828125,0.589874617755413,0.9974802583456039,0.9984750524163246,0.0,0.0008335172751685604,16.0,1.0,1.0,1.0,1.950380727648735,0.9963407516479492,16.0,16.0,10.267553925514221,10.267553925514221,4.851410210132599,4.851410210132599,0.681529238820076,0.25853554904460907,0.37935063578002437,-0.587479732289824,-0.49307767311346007
weak_inverse,K16_cond1000_above_H1_dh32_scalar_opt_softmax_vector_projected,16,128,correlated,1000.0,0.02,1.0,softmax_vector_projected,32,1,32,32.0,above,coordinate,scalar_opt,5.0,none,context,0,0.262268278747797,0.3271530196070671,0.36030738055706024,0.3366679660975933,0.022400015266612172,6.880255103111267,-0.4808903634548187,0.543212890625,0.589817002415657,0.9500732421875,0.589817002415657,0.9974765256047249,0.9984731525182724,0.0,0.0008350791467819363,16.0,1.0,1.0,1.0,2.0980390459299088,1.0986175686120987,16.0,16.0,10.304260969161987,10.304260969161987,4.851410150527954,4.851410150527954,0.6915000900626183,0.262268278747797,0.3793038574131986,-0.5812542339917295,-0.48524906682936697
weak_inverse,K16_cond1000_above_H1_dh32_scalar_opt_linear_richardson,16,128,correlated,1000.0,0.02,1.0,linear_richardson,32,1,32,32.0,above,coordinate,scalar_opt,5.0,none,context,0,0.2550554480403662,0.3171743415296078,0.3615088388323784,0.3343062810599804,0.02298709750175476,6.893180251121521,-0.46771635487675667,0.5440673828125,0.5901393964886665,0.9512939453125,0.5901393890380859,0.9974749982357025,0.9984539672732353,0.0,0.0008360118517884985,16.0,1.0,1.0,1.0,8.43845826548062e-09,5.682694492747942e-08,16.0,16.0,10.345468640327454,10.345468640327454,0.0,0.0,0.684254914522171,0.2550554480403662,0.37275658839212844,-0.593365395408237,-0.4987019530783451
weak_inverse,K32_cond10_below_H1_dh16_scalar_opt_softmax_vector,32,128,correlated,10.0,0.02,1.0,softmax_vector,32,1,16,16.0,below,coordinate,scalar_opt,5.0,none,context,0,0.0004255719104548916,0.010738771641626954,0.026759793981909752,0.00045402076648315415,0.026257156394422054,-0.3933176174759865,-0.4027840718626976,0.9493408203125,0.639365904033184,0.951904296875,0.6393658965826035,0.9184054359793663,0.9480763822793961,0.0,0.0029753218695987016,16.0,1.0,1.0,0.0,0.40990713611245155,0.00583782244939357,16.0,16.0,15.50034749507904,15.50034749507904,4.851740658283234,4.851740658283234,0.40325600281357765,0.0004255719104548916,0.001055342745643774,-3.371027045038732,-1.9690453927307452
weak_inverse,K32_cond10_below_H1_dh16_scalar_opt_softmax_vector_projected,32,128,correlated,10.0,0.02,1.0,softmax_vector_projected,32,1,16,16.0,below,coordinate,scalar_opt,5.0,none,context,0,0.7510055676102638,0.762005090713501,0.9338069409132004,0.9116110801696777,0.026810236740857363,16.366384029388428,-0.3916059844195843,0.2685546875,0.6392609924077988,0.949951171875,0.6392609924077988,0.9179970920085907,0.9484699368476868,0.0,0.0029808730469085276,16.0,1.0,1.0,0.0,60737.48046875,46069.89404296875,16.0,16.0,15.495713829994202,15.495713829994202,4.851740658283234,4.851740658283234,0.776700034737587,0.7510055676102638,0.9668760991188834,-0.1243568433241245,-0.11804212726748958
weak_inverse,K32_cond10_below_H1_dh16_scalar_opt_linear_richardson,32,128,correlated,10.0,0.02,1.0,linear_richardson,32,1,16,16.0,below,coordinate,scalar_opt,5.0,none,context,0,0.7473571300506592,0.7580855563282967,0.9061112776398659,0.8786997571587563,0.026648090686649084,15.8767329454422,-0.3950045369565487,0.2718505859375,0.639324314892292,0.948486328125,0.6393243223428726,0.9182811975479126,0.9487737342715263,0.0,0.002975367126055062,16.0,1.0,1.0,0.0,60846.75927734375,46167.4765625,16.0,16.0,15.482233881950378,15.482233881950378,0.0,0.0,0.7756291329860687,0.7473571300506592,0.9635270755523389,-0.1264718178008269,-0.12028177781851032
weak_inverse,K32_cond100_below_H1_dh16_scalar_opt_softmax_vector,32,128,correlated,100.0,0.02,1.0,softmax_vector,32,1,16,16.0,below,coordinate,scalar_opt,5.0,none,context,0,0.06769523397088051,0.09920592233538628,0.08334742672741413,0.057714933063834906,0.026048782980069518,0.6689218878746033,-0.40647440776228905,0.7806396484375,0.6372648626565933,0.95263671875,0.6372648701071739,0.9869380593299866,0.9918899238109589,0.0,0.0019787841592915356,16.0,1.0,1.0,0.0,0.14958425611257553,0.013712573447264731,16.0,16.0,14.81845486164093,14.81845486164093,4.851924896240234,4.851924896240234,0.5985610783100128,0.06769523397088051,0.11309539771850448,-1.169441906396228,-1.00346240082158
weak_inverse,K32_cond100_below_H1_dh16_scalar_opt_softmax_vector_projected,32,128,correlated,100.0,0.02,1.0,softmax_vector_projected,32,1,16,16.0,below,coordinate,scalar_opt,5.0,none,context,0,0.9963890388607979,1.0274289399385452,1.0303505212068558,1.0020963251590729,0.02611770061776042,18.33626651763916,-0.404082465916872,0.2625732421875,0.6372998282313347,0.9537353515625,0.6372998356819153,0.986914798617363,0.9917684718966484,0.0,0.001981567038455978,16.0,1.0,1.0,0.0,105516.181640625,86958.18359375,16.0,16.0,14.85464859008789,14.85464859008789,4.851924955844879,4.851924955844879,0.9104726240038872,0.9963890388607979,1.0943648429539352,-0.0015710587233018778,0.01175179448020586
weak_inverse,K32_cond100_below_H1_dh16_scalar_opt_linear_richardson,32,128,correlated,100.0,0.02,1.0,linear_richardson,32,1,16,16.0,below,coordinate,scalar_opt,5.0,none,context,0,1.0006173849105835,1.0306774228811264,1.0374677330255508,1.0065379366278648,0.026211414951831102,18.422621488571167,-0.40276599302887917,0.2611083984375,0.6373263448476791,0.952392578125,0.6373263597488403,0.9869070500135422,0.9918868690729141,0.0,0.0019817973661702126,16.0,1.0,1.0,0.0,106936.5576171875,88260.6767578125,16.0,16.0,14.93432629108429,14.93432629108429,0.0,0.0,0.9106664881110191,1.0006173849105835,1.0987493876781218,0.0002680441251890537,0.013122762874824041
weak_inverse,K32_cond1000_below_H1_dh16_scalar_opt_softmax_vector,32,128,correlated,1000.0,0.02,1.0,softmax_vector,32,1,16,16.0,below,coordinate,scalar_opt,5.0,none,context,0,0.20519989728927612,0.31148894876241684,0.19542042911052704,0.16769499145448208,0.026434724451974034,2.842036724090576,-0.3989846520125866,0.646484375,0.6295368820428848,0.9449462890625,0.629536896944046,0.9972709566354752,0.9981876686215401,0.0,0.0014618618151871487,16.0,1.0,1.0,0.0,0.04837618116289377,0.010508355568163097,16.0,16.0,13.918698072433472,13.918698072433472,4.851996421813965,4.851996421813965,0.6367025747895241,0.20519989728927612,0.3222761099695869,-0.6878228609418576,-0.5065573569555003
weak_inverse,K32_cond1000_below_H1_dh16_scalar_opt_softmax_vector_projected,32,128,correlated,1000.0,0.02,1.0,softmax_vector_projected,32,1,16,16.0,below,coordinate,scalar_opt,5.0,none,context,0,0.9055490419268608,1.0088645592331886,1.0226779207587242,0.9962354823946953,0.025987148517742753,18.618348836898804,-0.40690142661333084,0.264404296875,0.6297495812177658,0.9481201171875,0.6297495737671852,0.9972737729549408,0.9981720447540283,0.0,0.0014602679730160162,16.0,1.0,1.0,0.0,150909.986328125,139098.228515625,16.0,16.0,13.89456582069397,13.89456582069397,4.851996421813965,4.851996421813965,0.8789291977882385,0.9055490419268608,1.030291113224247,-0.04308802457524504,0.0038328658148429375
weak_inverse,K32_cond1000_below_H1_dh16_scalar_opt_linear_richardson,32,128,correlated,1000.0,0.02,1.0,linear_richardson,32,1,16,16.0,below,coordinate,scalar_opt,5.0,none,context,0,0.9027662724256516,1.0076770186424255,1.009407415986061,0.9837102964520454,0.02566600707359612,18.419615745544434,-0.41336919739842415,0.2724609375,0.6294353529810905,0.949951171875,0.62943534553051,0.9972710460424423,0.9981628507375717,0.0,0.0014618690038332716,16.0,1.0,1.0,0.0,151374.1796875,139424.453125,16.0,16.0,13.907463669776917,13.907463669776917,0.0,0.0,0.8738487213850021,0.9027662724256516,1.0330730503595413,-0.04442467464195498,0.003321354035583553
weak_inverse,K32_cond10_at_H1_dh32_scalar_opt_softmax_vector,32,128,correlated,10.0,0.02,1.0,softmax_vector,32,1,32,32.0,at,coordinate,scalar_opt,5.0,none,context,0,0.0004113937757210806,0.010753653710708022,0.027440171921625733,0.00044398642421583645,0.026999342953786254,-0.3796752542257309,-0.3879605233669281,0.9439697265625,0.6392840445041656,0.9464111328125,0.6392840519547462,0.91800557076931,0.9470638036727905,0.0,0.0029784637736156583,32.0,0.9999999403953552,0.9999999403953552,1.0,0.49157557636499405,0.006625153124332428,32.0,32.0,29.188575744628906,29.188575744628906,4.851409912109375,4.851409912109375,0.4015491008758545,0.0004113937757210806,0.0010244057283347878,-3.38574228335213,-1.9684439527900952
weak_inverse,K32_cond10_at_H1_dh32_scalar_opt_softmax_vector_projected,32,128,correlated,10.0,0.02,1.0,softmax_vector_projected,32,1,32,32.0,at,coordinate,scalar_opt,5.0,none,context,0,0.000410330048907781,0.01079353759996593,0.026734085753560066,0.00047860955965006724,0.026139448396861553,-0.3934151157736778,-0.4043554291129112,0.948486328125,0.6394103541970253,0.9527587890625,0.6394103616476059,0.9181087166070938,0.9479977265000343,0.0,0.0029756429430563003,32.0,0.9999999403953552,0.9999999403953552,1.0,0.48775849491357803,0.006590147211682051,32.0,32.0,29.241703748703003,29.241703748703003,4.851410090923309,4.851410090923309,0.4007975421845913,0.000410330048907781,0.0010236987422891522,-3.3868666780197083,-1.9668361912443764
weak_inverse,K32_cond10_at_H1_dh32_scalar_opt_linear_richardson,32,128,correlated,10.0,0.02,1.0,linear_richardson,32,1,32,32.0,at,coordinate,scalar_opt,5.0,none,context,0,0.00041523338586557657,0.01076020032633096,0.02740348340012133,0.00045060739284963347,0.026880250312387943,-0.38033244013786316,-0.3900347650051117,0.944580078125,0.6394501328468323,0.9481201171875,0.6394501253962517,0.9183146432042122,0.9488918334245682,0.0,0.0029762113699689507,32.0,0.9999999403953552,0.9999999403953552,1.0,2.4139182319693475e-09,4.450208090922558e-09,32.0,32.0,29.200746774673462,29.200746774673462,0.0,0.0,0.39876600727438927,0.00041523338586557657,0.001041277400422877,-3.381707735327501,-1.9681796431854055
weak_inverse,K32_cond100_at_H1_dh32_scalar_opt_softmax_vector,32,128,correlated,100.0,0.02,1.0,softmax_vector,32,1,32,32.0,at,coordinate,scalar_opt,5.0,none,context,0,0.06806464307010174,0.09934905171394348,0.08784676063805819,0.061736533883959055,0.02617996698245406,0.7526263296604156,-0.40411190688610077,0.7720947265625,0.6372731328010559,0.9554443359375,0.6372731402516365,0.9869295582175255,0.9921104237437248,0.0,0.0019803034083452076,32.0,0.9999999403953552,0.9999999403953552,1.0,0.5581431463360786,0.058002104982733727,32.0,32.0,25.118161916732788,25.118161916732788,4.851410090923309,4.851410090923309,0.6004568487405777,0.06806464307010174,0.11335653300439484,-1.1670784285733609,-1.0028362738724055
weak_inverse,K32_cond100_at_H1_dh32_scalar_opt_softmax_vector_projected,32,128,correlated,100.0,0.02,1.0,softmax_vector_projected,32,1,32,32.0,at,coordinate,scalar_opt,5.0,none,context,0,0.06749091856181622,0.09828346688300371,0.08899153955280781,0.06175927445292473,0.026292487513273954,0.7746221646666527,-0.40092672035098076,0.7694091796875,0.6369262561202049,0.9503173828125,0.6369262561202049,0.9868902266025543,0.9916567951440811,0.0,0.0019829581724479795,32.0,0.9999999403953552,0.9999999403953552,1.0,0.5511503592133522,0.056582868099212646,32.0,32.0,25.096393585205078,25.096393585205078,4.851410746574402,4.851410746574402,0.5971044227480888,0.06749091856181622,0.1130320392458925,-1.170754661003472,-1.0075195324768342
weak_inverse,K32_cond100_at_H1_dh32_scalar_opt_linear_richardson,32,128,correlated,100.0,0.02,1.0,linear_richardson,32,1,32,32.0,at,coordinate,scalar_opt,5.0,none,context,0,0.06837591342628002,0.09954739362001419,0.08263794425874949,0.057749658823013306,0.026077156187966466,0.6556356847286224,-0.4057220369577408,0.7882080078125,0.6371328979730606,0.95166015625,0.6371329054236412,0.9869377389550209,0.991945669054985,0.0,0.0019799153378698975,32.0,0.9999999403953552,0.9999999403953552,1.0,3.736558812361679e-09,8.06734634650752e-09,32.0,32.0,25.054869890213013,25.054869890213013,0.0,0.0,0.5990722477436066,0.06837591342628002,0.11414038149483169,-1.1650968589277149,-1.0019701063172728
weak_inverse,K32_cond1000_at_H1_dh32_scalar_opt_softmax_vector,32,128,correlated,1000.0,0.02,1.0,softmax_vector,32,1,32,32.0,at,coordinate,scalar_opt,5.0,none,context,0,0.2063790038228035,0.31203149259090424,0.19377735257148743,0.16832671128213406,0.025833648163825274,2.8114574551582336,-0.41061872243881226,0.6639404296875,0.6289761364459991,0.95166015625,0.6289761289954185,0.9972705766558647,0.9981772750616074,0.0,0.0014613307866966352,32.0,0.9999999403953552,0.9999999403953552,1.0,0.639844112098217,0.16614527814090252,32.0,32.0,20.65708899497986,20.65708899497986,4.851410448551178,4.851410448551178,0.6355719268321991,0.2063790038228035,0.3247123481785859,-0.6853344881868946,-0.5058015714679964
weak_inverse,K32_cond1000_at_H1_dh32_scalar_opt_softmax_vector_projected,32,128,correlated,1000.0,0.02,1.0,softmax_vector_projected,32,1,32,32.0,at,coordinate,scalar_opt,5.0,none,context,0,0.20627938024699688,0.311559721827507,0.19925308600068092,0.17450429499149323,0.025848506251350045,2.9092235267162323,-0.41043733060359955,0.6458740234375,0.6293068677186966,0.9500732421875,0.6293068677186966,0.9972734749317169,0.9981133565306664,0.0,0.001459447928937152,32.0,0.9999999403953552,0.9999999403953552,1.0,0.6461467817425728,0.17204332910478115,32.0,32.0,20.693878412246704,20.693878412246704,4.851410388946533,4.851410388946533,0.6341995522379875,0.20627938024699688,0.3252480540232641,-0.6855441820729324,-0.506458692587148
weak_inverse,K32_cond1000_at_H1_dh32_scalar_opt_linear_richardson,32,128,correlated,1000.0,0.02,1.0,linear_richardson,32,1,32,32.0,at,coordinate,scalar_opt,5.0,none,context,0,0.20428002998232841,0.30996301025152206,0.17908974178135395,0.1513328906148672,0.025883412919938564,2.5342407524585724,-0.40933769196271896,0.65283203125,0.6296601817011833,0.9498291015625,0.6296601817011833,0.9972765147686005,0.9981656968593597,0.0,0.001458886661566794,32.0,0.9999999403953552,0.9999999403953552,1.0,5.232217270556561e-09,1.3341270532762906e-08,32.0,32.0,20.554352521896362,20.554352521896362,0.0,0.0,0.6349933296442032,0.20428002998232841,0.3217018234101916,-0.6897740870747763,-0.5086901300436181
weak_inverse,K32_cond10_above_H1_dh64_scalar_opt_softmax_vector,32,128,correlated,10.0,0.02,1.0,softmax_vector,32,1,64,64.0,above,coordinate,scalar_opt,5.0,none,context,0,0.0004217611603962723,0.010860175359994173,0.02756254025734961,0.00046055471466388553,0.027017880231142044,-0.37827056646347046,-0.388451986014843,0.9488525390625,0.6391871273517609,0.94970703125,0.6391871199011803,0.9183652475476265,0.948703907430172,0.0,0.002974594128318131,32.0,0.9999999403953552,0.9999999403953552,1.0,0.12221801746636629,0.0016503176157129928,32.0,32.0,29.201568365097046,29.201568365097046,4.851720213890076,4.851720213890076,0.40299542993307114,0.0004217611603962723,0.0010466627253346685,-3.374933416541117,-1.964163162107858
weak_inverse,K32_cond10_above_H1_dh64_scalar_opt_softmax_vector_projected,32,128,correlated,10.0,0.02,1.0,softmax_vector_projected,32,1,64,64.0,above,coordinate,scalar_opt,5.0,none,context,0,0.0004202917007205542,0.010820101480931044,0.02697520493529737,0.0004494051208894234,0.026524589862674475,-0.3885483667254448,-0.3970016650855541,0.9473876953125,0.6395573392510414,0.9512939453125,0.6395573392510414,0.9183348417282104,0.9461265802383423,0.0,0.002975173556478694,32.0,0.9999999403953552,0.9999999403953552,1.0,0.12159927561879158,0.001647856624913402,32.0,32.0,29.0626859664917,29.0626859664917,4.851720452308655,4.851720452308655,0.4008752852678299,0.0004202917007205542,0.001048493054424569,-3.376449185694904,-1.9657686659945424
weak_inverse,K32_cond10_above_H1_dh64_scalar_opt_linear_richardson,32,128,correlated,10.0,0.02,1.0,linear_richardson,32,1,64,64.0,above,coordinate,scalar_opt,5.0,none,context,0,0.00040869615986594,0.01090633578132838,0.026888966793194413,0.0004382559345685877,0.026470977813005447,-0.3917429558932781,-0.3995403051376343,0.9500732421875,0.6392045468091965,0.9512939453125,0.6392045393586159,0.9182141423225403,0.9463813602924347,0.0,0.0029734389681834728,32.0,0.9999999403953552,0.9999999403953552,1.0,2.393251596899404e-09,4.433523270730433e-09,32.0,32.0,29.157439470291138,29.157439470291138,0.0,0.0,0.39940929040312767,0.00040869615986594,0.0010233342440222714,-3.388599442926692,-1.9623211355018326
weak_inverse,K32_cond100_above_H1_dh64_scalar_opt_softmax_vector,32,128,correlated,100.0,0.02,1.0,softmax_vector,32,1,64,64.0,above,coordinate,scalar_opt,5.0,none,context,0,0.06787352450191975,0.09903319645673037,0.08612953778356314,0.05761496443301439,0.02660483680665493,0.7186431959271431,-0.3959820680320263,0.7664794921875,0.6373772323131561,0.9488525390625,0.6373772099614143,0.9869399070739746,0.9920158013701439,0.0,0.0019766068435274065,32.0,0.9999999403953552,0.9999999403953552,1.0,0.14165445789694786,0.014329084195196629,32.0,32.0,25.144038200378418,25.144038200378418,4.851720035076141,4.851720035076141,0.596842035651207,0.06787352450191975,0.11372020463457519,-1.1682995983996258,-1.004219203166363
weak_inverse,K32_cond100_above_H1_dh64_scalar_opt_softmax_vector_projected,32,128,correlated,100.0,0.02,1.0,softmax_vector_projected,32,1,64,64.0,above,coordinate,scalar_opt,5.0,none,context,0,0.06835367996245623,0.09964353125542402,0.08957625180482864,0.063367934897542,0.026178311556577682,0.7830961272120476,-0.40359968319535255,0.771240234375,0.6369669288396835,0.9521484375,0.6369669213891029,0.986940048635006,0.9920533522963524,0.0,0.001979302382096648,32.0,0.9999999403953552,0.9999999403953552,1.0,0.1408686377108097,0.014367189607582986,32.0,32.0,25.09077262878418,25.09077262878418,4.851720213890076,4.851720213890076,0.6031123772263527,0.06835367996245623,0.1133352901043858,-1.1652380993204938,-1.0015508899515697
weak_inverse,K32_cond100_above_H1_dh64_scalar_opt_linear_richardson,32,128,correlated,100.0,0.02,1.0,linear_richardson,32,1,64,64.0,above,coordinate,scalar_opt,5.0,none,context,0,0.06799050327390432,0.09911929350346327,0.08549102209508419,0.06051149684935808,0.026622282108291984,0.7055043950676918,-0.3948359899222851,0.7784423828125,0.6377754434943199,0.9483642578125,0.6377754509449005,0.9869473353028297,0.9920674189925194,0.0,0.0019784186442848295,32.0,0.9999999403953552,0.9999999403953552,1.0,3.762679529062396e-09,8.256173633647279e-09,32.0,32.0,25.14703917503357,25.14703917503357,0.0,0.0,0.597317561507225,0.06799050327390432,0.11382379931221853,-1.1675517441138639,-1.0038418021590396
weak_inverse,K32_cond1000_above_H1_dh64_scalar_opt_softmax_vector,32,128,correlated,1000.0,0.02,1.0,softmax_vector,32,1,64,64.0,above,coordinate,scalar_opt,5.0,none,context,0,0.20647030137479305,0.3124736249446869,0.19733594357967377,0.16862284019589424,0.02586312242783606,2.8779368698596954,-0.410405233502388,0.6434326171875,0.6293925866484642,0.948486328125,0.6293925791978836,0.9972726181149483,0.9981548562645912,0.0,0.0014624088507844135,32.0,0.9999999403953552,0.9999999403953552,1.0,0.16242779046297073,0.04190502967685461,32.0,32.0,20.584798574447632,20.584798574447632,4.851720094680786,4.851720094680786,0.6380261108279228,0.20647030137479305,0.32359666623954786,-0.685142408301147,-0.5051866343979611
weak_inverse,K32_cond1000_above_H1_dh64_scalar_opt_softmax_vector_projected,32,128,correlated,1000.0,0.02,1.0,softmax_vector_projected,32,1,64,64.0,above,coordinate,scalar_opt,5.0,none,context,0,0.2068772241473198,0.31310848146677017,0.19027557596564293,0.16585757583379745,0.025195324793457985,2.7512714564800262,-0.4221936911344528,0.6617431640625,0.6295225694775581,0.9527587890625,0.6295225694775581,0.9972748756408691,0.9981829822063446,0.0,0.0014606806071242318,32.0,0.9999999403953552,0.9999999403953552,1.0,0.16375079937279224,0.039989767130464315,32.0,32.0,20.532114267349243,20.532114267349243,4.85172039270401,4.85172039270401,0.6412375867366791,0.2068772241473198,0.3226111425004418,-0.6842873197335451,-0.5043051680767044
weak_inverse,K32_cond1000_above_H1_dh64_scalar_opt_linear_richardson,32,128,correlated,1000.0,0.02,1.0,linear_richardson,32,1,64,64.0,above,coordinate,scalar_opt,5.0,none,context,0,0.20463149808347225,0.3107090853154659,0.1948153767734766,0.1681030374020338,0.025938565144315362,2.829679697751999,-0.4085087180137634,0.6441650390625,0.6295063644647598,0.94775390625,0.6295063495635986,0.9972734823822975,0.9981558471918106,0.0,0.0014608788042096421,32.0,0.9999999403953552,0.9999999403953552,1.0,5.185119777983971e-09,1.3411126431606135e-08,32.0,32.0,20.77309799194336,20.77309799194336,0.0,0.0,0.6352621763944626,0.20463149808347225,0.3221162986086457,-0.689027516318002,-0.5076460475345803
