seed,scenario,category,method,task,auc,average_precision,iou_top7,centroid_error,area_matched_iou,score_correlation,mean_relative_residual,covariance_relative_residual,balanced_brier,balanced_nll,balanced_ece,uncertainty_error_auc,certificate,predicted_lower,true_lower,predicted_upper,true_upper,boundary_residual
17,one obstacle,ID,learned-Richardson,0,0.6907519764662622,0.03300562574669239,0.03333333333333333,0.2580219805240631,0.0,-0.5319440997342556,0.8380114436149597,0.17316803336143494,0.22794339060783386,0.6393805742263794,0.2439207136631012,0.8023278863722549,1.0,1.2599695764947683e-05,1.4248885236156639e-05,0.9999459981918335,0.9735162854194641,1.472755428721939e-07
17,one obstacle,ID,learned-Richardson,1,0.7685522756674115,0.14618456815414163,0.08196721311475409,0.31686657667160034,0.047619047619047616,-0.4962919634520988,0.8177458047866821,0.0729917585849762,0.20869003236293793,0.6011748313903809,0.13628517091274261,0.7553238122791791,1.0,1.3869032954971772e-05,1.4731470400874969e-05,0.9999336004257202,0.9055883884429932,1.2300311027502175e-06
17,one obstacle,ID,learned-Richardson,2,0.6844672657252888,0.035125330087553516,0.034482758620689655,0.13353750109672546,0.0,-0.5318592474128859,0.8371491432189941,0.09673753380775452,0.22769823670387268,0.6388181447982788,0.1909504383802414,0.7931415215989684,1.0,1.2374459402053617e-05,1.3025909538555425e-05,0.9999457597732544,0.9618290662765503,8.546327876501891e-07
17,one obstacle,ID,learned-Richardson,3,0.8067383512544802,0.2752202275624686,0.06666666666666667,0.6770957708358765,0.125,-0.5580919254702273,0.8249843120574951,0.12316429615020752,0.2035960853099823,0.5913017988204956,0.15681755542755127,0.8356684958202986,1.0,1.3478966138791293e-05,1.4257894690672401e-05,0.9999420642852783,0.9672249555587769,1.530351312339917e-07
17,one obstacle,ID,learned-HB,0,1.0,1.0,0.12727272727272726,0.02252184972167015,1.0,0.811852202321695,0.614981472492218,0.38461509346961975,0.003798422170802951,0.014835014007985592,0.0028355747926980257,0.9983452840595698,0.0,0.0011113837826997042,4.741135489894077e-05,0.9997282028198242,0.9577894806861877,1.472755428721939e-07
17,one obstacle,ID,learned-HB,1,1.0,1.0,0.2,0.008884805254638195,1.0,0.8962029291187965,0.5761333107948303,0.30318373441696167,0.0013570801820605993,0.006465142592787743,0.005033988505601883,0.997439180537772,0.0,0.0010472254361957312,6.57977579976432e-05,0.9997251033782959,0.8752169013023376,1.2300311027502175e-06
17,one obstacle,ID,learned-HB,2,0.9997432605905007,0.9666666666666667,0.09090909090909091,0.02693604677915573,0.6666666666666666,0.8647603203898271,0.6177498698234558,0.062041159719228745,0.004565485753118992,0.020271234214305878,0.005091195926070213,0.9954121863799282,0.0,0.0011003883555531502,4.4810003601014614e-05,0.999727725982666,0.9189633727073669,8.546327876501891e-07
17,one obstacle,ID,learned-HB,3,1.0,1.0,0.16363636363636364,0.01807229407131672,1.0,0.8643483048792843,0.6041717529296875,0.4753619432449341,0.0028722514398396015,0.010444842278957367,0.002108209067955613,0.9974326059050065,0.0,0.001090054283849895,5.8079334849026054e-05,0.9997271299362183,0.95268315076828,1.530351312339917e-07
17,one obstacle,ID,learned-Chebyshev,0,1.0,1.0,0.12727272727272726,0.02455110289156437,1.0,0.8221660831012793,0.5730950236320496,0.0783519372344017,0.0033903210423886776,0.0127584058791399,0.0020836195908486843,0.9976435304198801,0.0,8.627602801425382e-05,6.64623366901651e-05,0.9997034668922424,0.9432361125946045,1.472755428721939e-07
17,one obstacle,ID,learned-Chebyshev,1,1.0,1.0,0.2,0.012284713797271252,1.0,0.9043694536000376,0.5346677899360657,0.04045180231332779,0.0010205339640378952,0.0056425658985972404,0.004652232863008976,0.9995731967562954,1.0,9.25536805880256e-05,9.618302283342928e-05,0.9997015595436096,0.8548099994659424,1.2300311027502175e-06
17,one obstacle,ID,learned-Chebyshev,2,0.9997432605905007,0.9666666666666667,0.09090909090909091,0.032769106328487396,0.6666666666666666,0.8668132161117111,0.5805843472480774,0.05627607926726341,0.0039551896043121815,0.017978819087147713,0.004220659378916025,0.9946681375252804,0.0,8.60785148688592e-05,6.296718493103981e-05,0.9997032284736633,0.8941511511802673,8.546327876501891e-07
17,one obstacle,ID,learned-Chebyshev,3,1.0,1.0,0.16363636363636364,0.026235206052660942,1.0,0.8831487574605628,0.5549124479293823,0.07846315205097198,0.0022045064251869917,0.00853688269853592,0.003832649439573288,0.9997432605905007,0.0,8.994844392873347e-05,8.561327558709309e-05,0.9997028708457947,0.9512698650360107,1.530351312339917e-07
17,one obstacle,ID,global-safe-HB,0,1.0,1.0,0.12727272727272726,0.0355452336370945,1.0,0.8149228375243506,1.326532244682312,4.056818962097168,0.47069278359413147,2.898818254470825,0.4847937524318695,1.0,0.0,0.0011120327981188893,2.0887087885057554e-05,0.9997282028198242,0.9716290831565857,1.472755428721939e-07
17,one obstacle,ID,global-safe-HB,1,1.0,1.0,0.2,0.004442398436367512,1.0,0.8989355145898216,0.8425061702728271,1.858052134513855,0.00022649220773018897,0.0040609887801110744,0.003931588493287563,0.5,0.0,0.0009932080283761024,2.243801463919226e-05,0.9997221231460571,0.9003637433052063,1.2300311027502175e-06
17,one obstacle,ID,global-safe-HB,2,1.0,1.0,0.09090909090909091,0.018442843109369278,1.0,0.8762439867636086,1.1156374216079712,3.2007012367248535,0.0027970694936811924,0.021881092339754105,0.018739815801382065,0.9987163029525032,0.0,0.0011020851088687778,1.9867973605869338e-05,0.999727725982666,0.9535444974899292,8.546327876501891e-07
17,one obstacle,ID,global-safe-HB,3,1.0,1.0,0.16363636363636364,0.010870412923395634,1.0,0.8089009978023949,0.7548465132713318,1.337459921836853,0.0007338070427067578,0.003985094837844372,0.0033844662830233574,1.0,0.0,0.0010721144499257207,2.1840141926077195e-05,0.9997262954711914,0.9652642607688904,1.530351312339917e-07
17,one obstacle,ID,population-safe-HB,0,1.0,1.0,0.12727272727272726,0.02252184972167015,1.0,0.8681847704238187,0.805182695388794,2.568193197250366,0.002986941719427705,0.0103469118475914,0.0023128639440983534,1.0,0.0,0.0011113837826997042,4.741135489894077e-05,0.9997282028198242,0.9577894806861877,1.472755428721939e-07
17,one obstacle,ID,population-safe-HB,1,1.0,1.0,0.2,0.012046149000525475,1.0,0.9246479094969464,0.7114230990409851,1.841378092765808,0.00018963355978485197,0.0007277670665644109,0.0005951114580966532,0.5,0.0,0.0010472254361957312,6.57977579976432e-05,0.9997251033782959,0.8752169013023376,1.2300311027502175e-06
17,one obstacle,ID,population-safe-HB,2,0.9997432605905007,0.9666666666666667,0.09090909090909091,0.02693604677915573,0.6666666666666666,0.9105173201971861,0.6125786900520325,0.3309909701347351,0.003936120308935642,0.04938126355409622,0.00411610770970583,0.747107969151671,0.0,0.0011003883555531502,4.4810003601014614e-05,0.999727725982666,0.9189633727073669,8.546327876501891e-07
17,one obstacle,ID,population-safe-HB,3,0.9998566308243727,0.9888888888888889,0.16363636363636364,0.018256917595863342,0.8,0.9091729941525484,0.8819913268089294,3.0003316402435303,0.0022996373008936644,0.01176130399107933,0.006723119877278805,0.9997432605905006,0.0,0.001090054283849895,5.8079334849026054e-05,0.9997271299362183,0.95268315076828,1.530351312339917e-07
17,one obstacle,ID,spectrum-HB,0,0.5467916896488324,0.010493001431302296,0.0,0.08299849927425385,0.0,0.411359328963901,8.002412796020508,37.28529739379883,0.5,6.907757759094238,0.4999987781047821,0.4929214929214929,0.0,0.0011113837826997042,4.741135489894077e-05,0.9997282028198242,0.9577894806861877,1.472755428721939e-07
17,one obstacle,ID,spectrum-HB,1,0.7282135716805833,0.025568275977388685,0.0,0.0562853179872036,0.0,0.6004735788631327,7.081923484802246,31.554080963134766,0.5000025033950806,6.907828330993652,0.4999285638332367,0.48124191461836996,0.0,0.0010472254361957312,6.57977579976432e-05,0.9997251033782959,0.8752169013023376,1.2300311027502175e-06
17,one obstacle,ID,spectrum-HB,2,0.5776636713735559,0.008684589911886652,0.0,0.07441365718841553,0.0,0.47466135096007767,7.963198184967041,37.44514846801758,0.5,6.907756805419922,0.49999910593032837,0.49229781771501924,0.0,0.0011003883555531502,4.4810003601014614e-05,0.999727725982666,0.9189633727073669,8.546327876501891e-07
17,one obstacle,ID,spectrum-HB,3,0.6074551971326165,0.015198000303426672,0.0,0.05446746572852135,0.0,0.5388022964309579,7.482817649841309,34.269596099853516,0.5,6.907760143280029,0.4999959468841553,0.48774193548387096,0.0,0.001090054283849895,5.8079334849026054e-05,0.9997271299362183,0.95268315076828,1.530351312339917e-07
17,one obstacle,ID,population-PCG,0,0.9992645706931421,0.9325396825396826,0.12727272727272726,0.030919183045625687,0.5555555555555556,0.9999906227776888,0.0992782786488533,0.0034345360472798347,0.003217263612896204,0.03882819414138794,0.0032174072694033384,0.7,0.0,0.0011113837826997042,4.741135489894077e-05,0.9997282028198242,0.9577894806861877,1.472755428721939e-07
17,one obstacle,ID,population-PCG,1,1.0,1.0,0.2,0.018536994233727455,1.0,0.9999954394506598,0.11333015561103821,0.0050017349421978,0.0031847127247601748,0.03125151991844177,0.003711473662406206,0.7953786906290116,0.0,0.0010472254361957312,6.57977579976432e-05,0.9997251033782959,0.8752169013023376,1.2300311027502175e-06
17,one obstacle,ID,population-PCG,2,0.9997432605905007,0.9666666666666666,0.09090909090909091,0.02693602629005909,0.6666666666666666,0.9999828524445035,0.27074572443962097,0.0037978794425725937,0.004018415231257677,0.04438434913754463,0.004228952340781689,0.7844272844272845,0.0,0.0011003883555531502,4.4810003601014614e-05,0.999727725982666,0.9189633727073669,8.546327876501891e-07
17,one obstacle,ID,population-PCG,3,1.0,1.0000000000000002,0.16363636363636364,0.030911922454833984,1.0,0.9999970066760817,0.1274615079164505,0.002957675838842988,0.004629315342754126,0.04914455860853195,0.005049240775406361,0.6862113402061857,0.0,0.001090054283849895,5.8079334849026054e-05,0.9997271299362183,0.95268315076828,1.530351312339917e-07
17,one obstacle,ID,exact,0,0.9992645706931421,0.9325396825396826,0.12727272727272726,0.030919183045625687,0.5555555555555556,1.0,0.00021742134413216263,3.7934742067591287e-06,0.003217148594558239,0.038399841636419296,0.0032173471990972757,0.7,nan,nan,nan,nan,nan,1.472755428721939e-07
17,one obstacle,ID,exact,1,1.0,1.0,0.2,0.010164557956159115,1.0,1.0,0.00013375467096921057,3.1042020509630674e-06,0.0030989369843155146,0.030803268775343895,0.003585027763620019,0.7958921694480102,nan,nan,nan,nan,nan,1.2300311027502175e-06
17,one obstacle,ID,exact,2,0.9994865211810013,0.9266666666666665,0.09090909090909091,0.02693602629005909,0.6666666666666666,1.0,0.00021198370086494833,3.265314489908633e-06,0.0039879800751805305,0.044171031564474106,0.004209412727504969,0.7844272844272845,nan,nan,nan,nan,nan,8.546327876501891e-07
17,one obstacle,ID,exact,3,1.0,1.0,0.16363636363636364,0.030911922454833984,1.0,1.0,0.00017940787074621767,3.106988287981949e-06,0.00451239850372076,0.04874837026000023,0.0049523720517754555,0.6867751288659795,nan,nan,nan,nan,nan,1.530351312339917e-07
17,two obstacles,ID,learned-Richardson,0,0.8765524558447232,0.2669847335588426,0.11764705882352941,0.4252655506134033,0.13513513513513514,-0.33452315091552154,0.6771609783172607,0.06900107115507126,0.1892591416835785,0.5587126016616821,0.1749695986509323,0.6642216678109896,1.0,2.0845340259256773e-05,2.1491761799552478e-05,0.9999270439147949,0.7171891331672668,1.7575378024048405e-06
17,two obstacles,ID,learned-Richardson,1,0.835654192051059,0.2418184757872688,0.12307692307692308,0.10690541565418243,0.125,-0.34944509266459683,0.6872413754463196,0.06622202694416046,0.2053930163383484,0.5953723788261414,0.173896923661232,0.5708304804290768,1.0,2.0634595784940757e-05,2.1268588170642033e-05,0.9999252557754517,0.7243586778640747,1.7027467720254208e-06
17,two obstacles,ID,learned-Richardson,2,0.8307773386034255,0.1480102651491262,0.1267605633802817,0.18095365166664124,0.1111111111111111,-0.28177046457245214,0.6727904081344604,0.06779275834560394,0.19054514169692993,0.563110888004303,0.16554954648017883,0.6338555061959317,1.0,2.1502533854800276e-05,2.2923100914340466e-05,0.9999258518218994,0.7256543636322021,1.255891675100429e-06
17,two obstacles,ID,learned-Richardson,3,0.8143909839618552,0.09794934426924261,0.09375,0.301103413105011,0.1111111111111111,-0.447659920170169,0.7024743556976318,0.06558716297149658,0.20703062415122986,0.5995784401893616,0.1702299863100052,0.6096419551329668,1.0,1.9906672605429776e-05,2.1257714251987636e-05,0.9999210834503174,0.6998197436332703,1.2759361425196403e-06
17,two obstacles,ID,learned-HB,0,0.9977532297322599,0.9131710951259824,0.38181818181818183,0.01835639216005802,0.75,0.9677161302914652,0.4865059554576874,0.11666566133499146,0.01734810322523117,0.09420345723628998,0.019600387662649155,0.981211317418214,0.0,0.0010222740238532424,8.220973541028798e-05,0.9997234344482422,0.6939805150032043,1.7575378024048405e-06
17,two obstacles,ID,learned-HB,1,0.9973890339425587,0.9086513290328102,0.32727272727272727,0.014809589833021164,0.6363636363636364,0.9510062866117633,0.4898950159549713,0.1713186651468277,0.018721189349889755,0.10040930658578873,0.020450212061405182,0.9835854388297872,0.0,0.0010194507194682956,8.57698469189927e-05,0.9997231960296631,0.7312539219856262,1.7027467720254208e-06
17,two obstacles,ID,learned-HB,2,0.9953096179183136,0.8533809087542574,0.45454545454545453,0.020174337550997734,0.6129032258064516,0.9686981832829369,0.4903590977191925,0.10273668169975281,0.015277518890798092,0.09037542343139648,0.01729242131114006,0.9716008771929825,0.0,0.0010198497911915183,9.61443583946675e-05,0.9997231960296631,0.7070759534835815,1.255891675100429e-06
17,two obstacles,ID,learned-HB,3,0.9986996098829648,0.9337328521152051,0.2727272727272727,0.04054545611143112,0.6666666666666666,0.9578751184861318,0.5058059692382812,0.14039377868175507,0.015165487304329872,0.08156872540712357,0.016932925209403038,0.9855668085522775,0.0,0.0010110982693731785,9.30796522879973e-05,0.9997228384017944,0.6825498342514038,1.2759361425196403e-06
17,two obstacles,ID,learned-Chebyshev,0,0.9976908194470449,0.9125280873401174,0.38181818181818183,0.01835639216005802,0.68,0.9693417342201891,0.47341063618659973,0.03417576849460602,0.014772903174161911,0.07794658839702606,0.016664156690239906,0.9827140974967062,1.0,9.75580551312305e-05,0.00010981140803778544,0.9997010231018066,0.7161409258842468,1.7575378024048405e-06
17,two obstacles,ID,learned-Chebyshev,1,0.9978967217870612,0.929150514611975,0.32727272727272727,0.015750808641314507,0.7142857142857143,0.9541590622832582,0.47617679834365845,0.03701946511864662,0.01702936924993992,0.0873590037226677,0.018515199422836304,0.9894615088034957,1.0,9.821341518545523e-05,0.00011176265252288431,0.9997007846832275,0.7391499280929565,1.7027467720254208e-06
17,two obstacles,ID,learned-Chebyshev,2,0.9949934123847168,0.8439721580012541,0.45454545454545453,0.015554009936749935,0.6129032258064516,0.9701835028693612,0.480420857667923,0.03371328115463257,0.013959536328911781,0.07971746474504471,0.015293674543499947,0.977603839341827,1.0,9.827273606788367e-05,0.00012912298552691936,0.9997009038925171,0.7163788676261902,1.255891675100429e-06
17,two obstacles,ID,learned-Chebyshev,3,0.9984395318595578,0.918735197550987,0.2727272727272727,0.044351380318403244,0.6666666666666666,0.9565492654545699,0.490811824798584,0.038484930992126465,0.013617396354675293,0.07011165469884872,0.015311877243220806,0.985431068959607,1.0,9.722961840452626e-05,0.0001242111175088212,0.9997007846832275,0.6854110360145569,1.2759361425196403e-06
17,two obstacles,ID,global-safe-HB,0,0.99925107657742,0.9682310463546643,0.38181818181818183,0.006908927112817764,0.9090909090909091,0.9695956194913958,0.565155565738678,0.5484448671340942,0.024978285655379295,0.2349223494529724,0.026244211941957474,0.8617943548387097,0.0,0.0009490419761277735,3.325698708067648e-05,0.9997190833091736,0.7072251439094543,1.7575378024048405e-06
17,two obstacles,ID,global-safe-HB,1,0.9958659704090513,0.7962805516620326,0.32727272727272727,0.01722918637096882,0.6363636363636364,0.9359562648666171,0.6496796011924744,0.8575417995452881,0.02057315781712532,0.19277514517307281,0.021830830723047256,0.8505830609692128,0.0,0.0009423449519090354,3.2519725209567696e-05,0.9997187256813049,0.7185830473899841,1.7027467720254208e-06
17,two obstacles,ID,global-safe-HB,2,0.9951515151515151,0.8561733142604111,0.45454545454545453,0.02887863665819168,0.5625,0.9672289967868075,0.7045137286186218,0.9861850738525391,0.019282357767224312,0.1733429729938507,0.02130977250635624,0.8382812834682775,0.0,0.000944651837926358,3.439780630287714e-05,0.9997187256813049,0.718919575214386,1.255891675100429e-06
17,two obstacles,ID,global-safe-HB,3,0.9978326831382748,0.9033068418746167,0.2727272727272727,0.039383530616760254,0.6666666666666666,0.9390637753269412,0.6670109629631042,0.8698112368583679,0.01392629649490118,0.1298486292362213,0.015390414744615555,0.844078947368421,0.0,0.0009209504933096468,3.2763702620286494e-05,0.9997175335884094,0.6940976977348328,1.2759361425196403e-06
17,two obstacles,ID,population-safe-HB,0,0.99862697372527,0.9476295223851614,0.38181818181818183,0.015947213396430016,0.75,0.979337120653973,0.5488207340240479,0.6306607127189636,0.018247054889798164,0.19770599901676178,0.018950125202536583,0.7165562913907285,0.0,0.0010222740238532424,8.220973541028798e-05,0.9997234344482422,0.6939805150032043,1.7575378024048405e-06
17,two obstacles,ID,population-safe-HB,1,0.997098926602843,0.8984502488522956,0.32727272727272727,0.009067037142813206,0.6363636363636364,0.9661340557996067,0.6177789568901062,0.9555070400238037,0.02065257914364338,0.22947430610656738,0.02162769064307213,0.7036073114635033,0.0,0.0010194507194682956,8.57698469189927e-05,0.9997231960296631,0.7312539219856262,1.7027467720254208e-06
17,two obstacles,ID,population-safe-HB,2,0.9959420289855072,0.8836793582669349,0.45454545454545453,0.024058550596237183,0.6129032258064516,0.9814380580510117,0.5336540937423706,0.5769398808479309,0.015879560261964798,0.17738360166549683,0.017047055065631866,0.7104084321475626,0.0,0.0010198497911915183,9.61443583946675e-05,0.9997231960296631,0.7070759534835815,1.255891675100429e-06
17,two obstacles,ID,population-safe-HB,3,0.998526224534027,0.9381984372696446,0.2727272727272727,0.04254338517785072,0.6666666666666666,0.9748029583612253,0.5583117604255676,0.7726251482963562,0.017292320728302002,0.18359540402889252,0.018012914806604385,0.694309897744508,0.0,0.0010110982693731785,9.30796522879973e-05,0.9997228384017944,0.6825498342514038,1.2759361425196403e-06
17,two obstacles,ID,spectrum-HB,0,0.762528864756912,0.12090906197215152,0.16923076923076924,0.1449166089296341,0.07692307692307693,0.7989153250265397,6.9544830322265625,19.6341495513916,0.3075293302536011,3.490445137023926,0.3460356891155243,0.8380880645262531,0.0,0.0010222740238532424,8.220973541028798e-05,0.9997234344482422,0.6939805150032043,1.7575378024048405e-06
17,two obstacles,ID,spectrum-HB,1,0.7276617348418916,0.08207644456385507,0.140625,0.15381993353366852,0.058823529411764705,0.7633811558961797,6.929831504821777,19.89495849609375,0.3165912926197052,3.649601936340332,0.3644101917743683,0.873030521894979,0.0,0.0010194507194682956,8.57698469189927e-05,0.9997231960296631,0.7312539219856262,1.7027467720254208e-06
17,two obstacles,ID,spectrum-HB,2,0.7658498023715415,0.07927301762439554,0.03896103896103896,0.1159718856215477,0.02040816326530612,0.79246057832285,6.54343318939209,18.4713134765625,0.38039904832839966,3.614763021469116,0.42367175221443176,0.844217019848747,0.0,0.0010198497911915183,9.61443583946675e-05,0.9997231960296631,0.7070759534835815,1.255891675100429e-06
17,two obstacles,ID,spectrum-HB,3,0.6909406155179888,0.03005450797967224,0.0,0.11507340520620346,0.0,0.7374963076650155,6.4187822341918945,18.85090446472168,0.5065863728523254,5.3360724449157715,0.5105148553848267,0.8183578987150416,0.0,0.0010110982693731785,9.30796522879973e-05,0.9997228384017944,0.6825498342514038,1.2759361425196403e-06
17,two obstacles,ID,population-PCG,0,0.998814204580915,0.9526101510002438,0.38181818181818183,0.00928780622780323,0.8260869565217391,0.9999706867000597,0.12471579760313034,0.005793014075607061,0.027009062469005585,0.3096056580543518,0.02805747650563717,0.6560116749835232,0.0,0.0010222740238532424,8.220973541028798e-05,0.9997234344482422,0.6939805150032043,1.7575378024048405e-06
17,two obstacles,ID,population-PCG,1,0.9981868291267769,0.9422936456186438,0.32727272727272727,0.012970919720828533,0.7142857142857143,0.9999884306823916,0.23895616829395294,0.010104576125741005,0.025530647486448288,0.29625821113586426,0.026466738432645798,0.639300134589502,0.0,0.0010194507194682956,8.57698469189927e-05,0.9997231960296631,0.7312539219856262,1.7027467720254208e-06
17,two obstacles,ID,population-PCG,2,0.9965217391304347,0.9043324266095905,0.45454545454545453,0.02018009126186371,0.6666666666666666,0.9999840006750997,0.1160883828997612,0.007450520060956478,0.0199943445622921,0.22389258444309235,0.021208588033914566,0.6344086021505376,0.0,0.0010198497911915183,9.61443583946675e-05,0.9997231960296631,0.7070759534835815,1.255891675100429e-06
17,two obstacles,ID,population-PCG,3,0.9993064586042479,0.9715686274509805,0.2727272727272727,0.028589995577931404,0.7647058823529411,0.9999971038171844,0.08061566203832626,0.003283317666500807,0.024975324049592018,0.26554256677627563,0.026052139699459076,0.7236394557823129,0.0,0.0010110982693731785,9.30796522879973e-05,0.9997228384017944,0.6825498342514038,1.2759361425196403e-06
17,two obstacles,ID,exact,0,0.9987517942956999,0.9510716894617828,0.38181818181818183,0.00928780622780323,0.8260869565217391,1.0,0.00013279859558679163,2.1630712581099942e-06,0.027348805218935013,0.31340718269348145,0.02828507125377655,0.6554310642437938,nan,nan,nan,nan,nan,1.7575378024048405e-06
17,two obstacles,ID,exact,1,0.9982593559617058,0.9441601366155696,0.32727272727272727,0.012970919720828533,0.7142857142857143,1.0,0.00010525124525884166,2.2219724087335635e-06,0.02550073340535164,0.2956902086734772,0.026430830359458923,0.6513475363555788,nan,nan,nan,nan,nan,1.7027467720254208e-06
17,two obstacles,ID,exact,2,0.9962582345191041,0.8985840473571465,0.45454545454545453,0.02018009126186371,0.6666666666666666,1.0,0.00012899166904389858,2.7625192160485312e-06,0.020060203969478607,0.2246333211660385,0.021237632259726524,0.6343229233603221,nan,nan,nan,nan,nan,1.255891675100429e-06
17,two obstacles,ID,exact,3,0.9993064586042479,0.9715686274509805,0.2727272727272727,0.028589995577931404,0.7647058823529411,1.0,0.0001039087655954063,2.3517254703619983e-06,0.024706672877073288,0.2634987533092499,0.025853218510746956,0.7236715440893339,nan,nan,nan,nan,nan,1.2759361425196403e-06
17,four obstacles,ID,learned-Richardson,0,0.9288838718780866,0.5640593797237814,0.32857142857142857,0.0590365044772625,0.35714285714285715,0.04232255158176906,0.5067066550254822,0.07168442010879517,0.2296677827835083,0.6428144574165344,0.2598678469657898,0.39008853910477126,0.0,5.865694038220681e-05,5.8241450460627675e-05,0.9999110698699951,0.6562159061431885,1.1548655720616807e-06
17,four obstacles,ID,learned-Richardson,1,0.9603499365034569,0.7722880488979045,0.47619047619047616,0.09743102639913559,0.5510204081632653,0.04671199229512178,0.5088807344436646,0.07364200055599213,0.1944093108177185,0.5545459389686584,0.2749287784099579,0.45435965421051183,1.0,6.221509102033451e-05,6.61041631246917e-05,0.9999127388000488,0.665192723274231,1.2605930805875687e-06
17,four obstacles,ID,learned-Richardson,2,0.9573094459912037,0.752697749384202,0.41935483870967744,0.21638482809066772,0.5714285714285714,-0.09514175577476094,0.5065954327583313,0.06734749674797058,0.20342552661895752,0.5726015567779541,0.2899552881717682,0.45001933981886255,1.0,6.401325663318858e-05,6.401678547263145e-05,0.9999145269393921,0.698150098323822,2.3976720058271894e-06
17,four obstacles,ID,learned-Richardson,3,0.9532941176470587,0.6198676224953836,0.3484848484848485,0.136962428689003,0.3333333333333333,0.0642556276519549,0.5170742869377136,0.06949222087860107,0.21662671864032745,0.6097833514213562,0.2523687481880188,0.43623621323529405,1.0,6.106388900661841e-05,6.584412039956078e-05,0.9999164342880249,0.6686395406723022,9.398891052114777e-07
17,four obstacles,ID,learned-HB,0,0.9772117962466489,0.7660274541639644,0.453125,0.011820334941148758,0.46153846153846156,0.9850165802878468,0.2845590114593506,0.12218677997589111,0.07873259484767914,0.6697915196418762,0.08268953114748001,0.9140456989247313,0.0,0.001002512639388442,0.00028355736867524683,0.9997199773788452,0.6439462304115295,1.1548655720616807e-06
17,four obstacles,ID,learned-HB,1,0.9850077606885848,0.8289177789832098,0.5,0.01936217024922371,0.5510204081632653,0.9909691951032948,0.2832288146018982,0.1186702623963356,0.05581692233681679,0.402469664812088,0.05981427803635597,0.9415491118077325,0.0,0.001010038424283266,0.00026648823404684663,0.9997202157974243,0.6667438745498657,1.2605930805875687e-06
17,four obstacles,ID,learned-HB,2,0.9852721623693661,0.7717648295903694,0.4666666666666667,0.07250591367483139,0.5,0.9916056295754891,0.26532503962516785,0.11563118547201157,0.07282355427742004,0.6016354560852051,0.0776480883359909,0.9141980964014863,0.0,0.0010099329520016909,0.00030567796784453094,0.9997200965881348,0.6860167384147644,2.3976720058271894e-06
17,four obstacles,ID,learned-HB,3,0.9822745098039216,0.7694010574165722,0.45901639344262296,0.025959420949220657,0.5111111111111111,0.9827411695527377,0.3395598530769348,0.09343951940536499,0.0819123238325119,0.6413453817367554,0.08693117648363113,0.9480902717623553,0.0,0.0010132761672139168,0.00027999799931421876,0.999720573425293,0.6605404615402222,9.398891052114777e-07
17,four obstacles,ID,learned-Chebyshev,0,0.9768590376746156,0.7537461852570687,0.453125,0.0163771603256464,0.4339622641509434,0.9859341836684568,0.276729017496109,0.027960767969489098,0.07438109815120697,0.5963913798332214,0.07783082127571106,0.9374287215366677,1.0,0.00013434285938274115,0.00035536460927687585,0.9996986985206604,0.6561540365219116,1.1548655720616807e-06
17,four obstacles,ID,learned-Chebyshev,1,0.9857485536898547,0.8321486383580626,0.5,0.024107327684760094,0.5510204081632653,0.9910719668668082,0.2798473834991455,0.028793126344680786,0.05286908894777298,0.35985267162323,0.05767004191875458,0.9457039468147773,1.0,0.00013448203389998525,0.00031569908605888486,0.9996986985206604,0.6795026659965515,1.2605930805875687e-06
17,four obstacles,ID,learned-Chebyshev,2,0.9849897106887786,0.7727221898545813,0.4666666666666667,0.07282804697751999,0.5348837209302325,0.9918723094676775,0.2613602876663208,0.025696342810988426,0.06655105203390121,0.5374200344085693,0.0713825449347496,0.9197485207100592,1.0,0.00013759720604866743,0.00037379158311523497,0.9996986985206604,0.7027714252471924,2.3976720058271894e-06
17,four obstacles,ID,learned-Chebyshev,3,0.9811372549019608,0.7564348682754789,0.43548387096774194,0.029254188761115074,0.5111111111111111,0.9829677104348439,0.34113678336143494,0.028316086158156395,0.07676682621240616,0.5736968517303467,0.08191848546266556,0.9498270106221548,1.0,0.00013186357682570815,0.00033430030453018844,0.99969881772995,0.6738317608833313,9.398891052114777e-07
17,four obstacles,ID,global-safe-HB,0,0.9861013122618879,0.8209764260697893,0.55,0.015332856215536594,0.5510204081632653,0.9698017305462291,0.49928703904151917,0.5527962446212769,0.09989037364721298,1.1595326662063599,0.10358399897813797,0.6418590679800711,0.0,0.000923895335290581,9.258231148123741e-05,0.9997140765190125,0.651783287525177,1.1548655720616807e-06
17,four obstacles,ID,global-safe-HB,1,0.9805277268237619,0.751650060036631,0.47619047619047616,0.022551676258444786,0.52,0.9864814619762082,0.47284257411956787,0.5297852158546448,0.08155573159456253,0.8707203269004822,0.08464740961790085,0.7031805766312594,0.0,0.0009417691617272794,0.00010064375237561762,0.9997148513793945,0.6561734676361084,1.2605930805875687e-06
17,four obstacles,ID,global-safe-HB,2,0.9870879231731429,0.7902058227875279,0.4666666666666667,0.07009349018335342,0.5,0.9880570361720828,0.49888724088668823,0.5769437551498413,0.0862797275185585,0.9209461212158203,0.08955659717321396,0.717553955220532,0.0,0.000943347520660609,0.00010222929995507002,0.999714732170105,0.690861701965332,2.3976720058271894e-06
17,four obstacles,ID,global-safe-HB,3,0.9744313725490196,0.6996023162258378,0.4126984126984127,0.033186860382556915,0.44680851063829785,0.9792662004926956,0.5777280926704407,0.6434138417243958,0.10106267035007477,1.0980029106140137,0.10425061732530594,0.6933182263596276,0.0,0.0009544939966872334,0.00010394827404525131,0.9997156858444214,0.6706397533416748,9.398891052114777e-07
17,four obstacles,ID,population-safe-HB,0,0.9735078312402992,0.7378127036747617,0.4307692307692308,0.018043935298919678,0.4339622641509434,0.9915030696549016,0.4592683017253876,0.5526964068412781,0.08157522231340408,1.0016340017318726,0.08363568037748337,0.5960716031280547,0.0,0.001002512639388442,0.00028355736867524683,0.9997199773788452,0.6439462304115295,1.1548655720616807e-06
17,four obstacles,ID,population-safe-HB,1,0.9846197262593481,0.8246197565477619,0.55,0.04574458301067352,0.49019607843137253,0.9936701313002456,0.44599810242652893,0.5412434935569763,0.06209629029035568,0.6930036544799805,0.06538715213537216,0.7072845240728451,0.0,0.001010038424283266,0.00026648823404684663,0.9997202157974243,0.6667438745498657,1.2605930805875687e-06
17,four obstacles,ID,population-safe-HB,2,0.9820441431626518,0.7457859798445448,0.41935483870967744,0.07084030658006668,0.4666666666666667,0.9938401799554256,0.42188671231269836,0.5061079859733582,0.08336792141199112,1.0246762037277222,0.08583790063858032,0.6121308953192496,0.0,0.0010099329520016909,0.00030567796784453094,0.9997200965881348,0.6860167384147644,2.3976720058271894e-06
17,four obstacles,ID,population-safe-HB,3,0.9852156862745098,0.7947229630114061,0.5084745762711864,0.005540493410080671,0.5111111111111111,0.989139807628097,0.4390452206134796,0.42740580439567566,0.09067008644342422,1.0325241088867188,0.09329838305711746,0.6639429213532178,0.0,0.0010132761672139168,0.00027999799931421876,0.999720573425293,0.6605404615402222,9.398891052114777e-07
17,four obstacles,ID,spectrum-HB,0,0.8455975730210245,0.5190685203765726,0.25675675675675674,0.15274158120155334,0.3103448275862069,0.9258517026038886,3.7438580989837646,8.699848175048828,0.21102339029312134,1.1023828983306885,0.23714762926101685,0.857845933836897,0.0,0.001002512639388442,0.00028355736867524683,0.9997199773788452,0.6439462304115295,1.1548655720616807e-06
17,four obstacles,ID,spectrum-HB,1,0.8028785099477918,0.19805995975788065,0.14814814814814814,0.0962718278169632,0.15151515151515152,0.8926365991692213,4.185599327087402,9.13319206237793,0.2427350878715515,1.1057909727096558,0.2350860834121704,0.8392844804422095,0.0,0.001010038424283266,0.00026648823404684663,0.9997202157974243,0.6667438745498657,1.2605930805875687e-06
17,four obstacles,ID,spectrum-HB,2,0.8090626639228504,0.30634828823057003,0.2222222222222222,0.08451486378908157,0.2,0.9025138569220008,3.857023239135742,8.480405807495117,0.2671937644481659,1.1936721801757812,0.3059476613998413,0.8811566009373066,0.0,0.0010099329520016909,0.00030567796784453094,0.9997200965881348,0.6860167384147644,2.3976720058271894e-06
17,four obstacles,ID,spectrum-HB,3,0.785843137254902,0.3606201944986842,0.18666666666666668,0.16358447074890137,0.21428571428571427,0.8863207725101018,4.0238938331604,8.955379486083984,0.2781407833099365,1.333828330039978,0.286548912525177,0.831124590668337,0.0,0.0010132761672139168,0.00027999799931421876,0.999720573425293,0.6605404615402222,9.398891052114777e-07
17,four obstacles,ID,population-PCG,0,0.9747424862424158,0.7130485322839801,0.4307692307692308,0.04224555939435959,0.4339622641509434,0.9999949638020512,0.11120390146970749,0.007031300570815802,0.11979865282773972,1.485845685005188,0.12250597029924393,0.5845624475192582,0.0,0.001002512639388442,0.00028355736867524683,0.9997199773788452,0.6439462304115295,1.1548655720616807e-06
17,four obstacles,ID,population-PCG,1,0.9866657259771413,0.8483635669834706,0.5245901639344263,0.05572064593434334,0.5833333333333334,0.9999935921922251,0.109494648873806,0.005684091243892908,0.11144891381263733,1.3781124353408813,0.11408719420433044,0.5799297637946794,0.0,0.001010038424283266,0.00026648823404684663,0.9997202157974243,0.6667438745498657,1.2605930805875687e-06
17,four obstacles,ID,population-PCG,2,0.9831739498850018,0.7622199008602908,0.4666666666666667,0.06455560773611069,0.5,0.9999972847948594,0.09714416414499283,0.003309836843982339,0.11972017586231232,1.5035771131515503,0.1228959709405899,0.5752672101449277,0.0,0.0010099329520016909,0.00030567796784453094,0.9997200965881348,0.6860167384147644,2.3976720058271894e-06
17,four obstacles,ID,population-PCG,3,0.9831764705882353,0.7986378740390067,0.43548387096774194,0.039036694914102554,0.5111111111111111,0.9999950493918714,0.1738685965538025,0.008679251186549664,0.10702726244926453,1.3089349269866943,0.10952243208885193,0.5983935742971888,0.0,0.0010132761672139168,0.00027999799931421876,0.999720573425293,0.6605404615402222,9.398891052114777e-07
17,four obstacles,ID,exact,0,0.9747777620996191,0.7126147385406422,0.4307692307692308,0.037152037024497986,0.46153846153846156,1.0,3.714702688739635e-05,1.4269468238126137e-06,0.1196562647819519,1.4857532978057861,0.12234888970851898,0.5845715746047973,nan,nan,nan,nan,nan,1.1548655720616807e-06
17,four obstacles,ID,exact,1,0.9866657259771413,0.8485884823089005,0.5245901639344263,0.05572064593434334,0.5833333333333334,1.0,3.5844957892550156e-05,1.495351853009197e-06,0.1114322766661644,1.3767088651657104,0.11401161551475525,0.5799490065906576,nan,nan,nan,nan,nan,1.2605930805875687e-06
17,four obstacles,ID,exact,2,0.9830932494048339,0.761132975266323,0.4666666666666667,0.06455560773611069,0.5,1.0,3.416167601244524e-05,1.4147599358693697e-06,0.1193932592868805,1.500436782836914,0.12252457439899445,0.5747979233154215,nan,nan,nan,nan,nan,2.3976720058271894e-06
17,four obstacles,ID,exact,3,0.9827058823529412,0.7922684414944221,0.43548387096774194,0.039036694914102554,0.5111111111111111,1.0,4.7085239202715456e-05,1.5276175417966442e-06,0.1068618968129158,1.3059544563293457,0.10939500480890274,0.6043006979373805,nan,nan,nan,nan,nan,9.398891052114777e-07
17,six obstacles,OOD count,learned-Richardson,0,0.8840599455040872,0.5022221733366686,0.36363636363636365,0.20834895968437195,0.35135135135135137,0.22697770740691944,0.4153326153755188,0.06678150594234467,0.2634877562522888,0.742250919342041,0.3076813519001007,0.3411673641590963,1.0,7.002837810432538e-05,8.123982115648687e-05,0.9999152421951294,0.6466522812843323,1.2020271924484405e-06
17,six obstacles,OOD count,learned-Richardson,1,0.7988125262715426,0.38623310892794643,0.2891566265060241,0.14820560812950134,0.3,0.14548224275842436,0.4105963706970215,0.06867474317550659,0.27307406067848206,0.7661432027816772,0.2690965533256531,0.3638288306698818,1.0,6.938467413419858e-05,7.528629794251174e-05,0.9999139308929443,0.6311936378479004,4.381784947327105e-06
17,six obstacles,OOD count,learned-Richardson,2,0.9034110993283846,0.4837139051083515,0.3835616438356164,0.09512671083211899,0.35294117647058826,0.1722664642407464,0.42792922258377075,0.06730705499649048,0.26473769545555115,0.7415804862976074,0.32058268785476685,0.33907505441646735,1.0,7.083852688083425e-05,7.370879757218063e-05,0.9999091625213623,0.6629747748374939,1.3196528243497596e-06
17,six obstacles,OOD count,learned-Richardson,3,0.83932324506095,0.33579439206484907,0.2891566265060241,0.19494843482971191,0.3,0.09398354375734069,0.42624950408935547,0.06535185873508453,0.2582522928714752,0.728336751461029,0.27473777532577515,0.3571686906761612,1.0,7.269185152836144e-05,7.552021997980773e-05,0.9999128580093384,0.6397119164466858,1.153631728811888e-06
17,six obstacles,OOD count,learned-HB,0,0.9711171662125341,0.7398831058693834,0.5671641791044776,0.02410821244120598,0.5625,0.9883592804118354,0.23973535001277924,0.09801675379276276,0.12601572275161743,0.9538991451263428,0.13146287202835083,0.9193678986548257,0.0,0.0010219039395451546,0.00035724209737963974,0.9997203350067139,0.6171602010726929,1.2020271924484405e-06
17,six obstacles,OOD count,learned-HB,1,0.9389186633039093,0.6520039085671664,0.40789473684210525,0.03271323814988136,0.40540540540540543,0.9904904957427582,0.24061742424964905,0.11036769300699234,0.12813594937324524,0.8560835123062134,0.12615235149860382,0.8931385869565218,0.0,0.0010127747664228082,0.000318797305226326,0.9997203350067139,0.5949195027351379,4.381784947327105e-06
17,six obstacles,OOD count,learned-HB,2,0.971898197242842,0.7516460200690442,0.5303030303030303,0.06842409074306488,0.5333333333333333,0.992743784974294,0.2611156105995178,0.11621470749378204,0.12521237134933472,0.7723966240882874,0.1310916692018509,0.9357443849995337,0.0,0.0010090649593621492,0.00029471697052940726,0.9997199773788452,0.6663355827331543,1.3196528243497596e-06
17,six obstacles,OOD count,learned-HB,3,0.9747005044136192,0.7940829248028592,0.4861111111111111,0.025660164654254913,0.5072463768115942,0.9909832042394532,0.2726910710334778,0.1458350419998169,0.12515588104724884,0.7897601127624512,0.1327439844608307,0.9304965753424657,0.0,0.0010123116662725806,0.00030805374262854457,0.9997202157974243,0.6811462640762329,1.153631728811888e-06
17,six obstacles,OOD count,learned-Chebyshev,0,0.9743051771117166,0.7612256208192125,0.5671641791044776,0.0245093684643507,0.5384615384615384,0.9869747909654807,0.2348875105381012,0.024746358394622803,0.12221775203943253,0.8961166739463806,0.1275528371334076,0.9230552977295443,1.0,0.00013888324610888958,0.000410820241086185,0.99969881772995,0.6139587759971619,1.2020271924484405e-06
17,six obstacles,OOD count,learned-Chebyshev,1,0.9407839428331232,0.6575999560777805,0.38961038961038963,0.025556454434990883,0.40540540540540543,0.9900669589267272,0.23437373340129852,0.023505941033363342,0.12403856217861176,0.8379096388816833,0.12557251751422882,0.8956837907576823,1.0,0.00013319887511897832,0.00036498779081739485,0.99969881772995,0.6122497320175171,4.381784947327105e-06
17,six obstacles,OOD count,learned-Chebyshev,2,0.973400494874514,0.7552596420521712,0.5303030303030303,0.07805076241493225,0.5081967213114754,0.9919421399523218,0.25901952385902405,0.026982180774211884,0.1223100945353508,0.7333965301513672,0.12874889373779297,0.9455296416715735,1.0,0.00013456241867970675,0.0003357963578309864,0.9996986985206604,0.6907704472541809,1.3196528243497596e-06
17,six obstacles,OOD count,learned-Chebyshev,3,0.971653005464481,0.783015302419589,0.4861111111111111,0.026973340660333633,0.5072463768115942,0.9903853275015031,0.2699967622756958,0.025200922042131424,0.11908232420682907,0.734107255935669,0.12627872824668884,0.9304758107389687,1.0,0.00013174954801797867,0.00034310115734115243,0.999699056148529,0.7075056433677673,1.153631728811888e-06
17,six obstacles,OOD count,global-safe-HB,0,0.9556403269754769,0.6684133522794281,0.4383561643835616,0.028988176956772804,0.4492753623188406,0.975165180812816,0.4859914481639862,0.5036824345588684,0.15935492515563965,1.8227638006210327,0.16400331258773804,0.6574567395264117,0.0,0.0009611995192244649,0.00012655966565944254,0.9997152090072632,0.6413578987121582,1.2020271924484405e-06
17,six obstacles,OOD count,global-safe-HB,1,0.9514764606977723,0.6954360644243671,0.40789473684210525,0.03348216786980629,0.4246575342465753,0.9823410739605887,0.4579506814479828,0.4902803599834442,0.16369087994098663,1.8216174840927124,0.16909834742546082,0.673462325469427,0.0,0.0009538207668811083,0.00011677987640723586,0.9997149705886841,0.6151518821716309,4.381784947327105e-06
17,six obstacles,OOD count,global-safe-HB,2,0.9670083657358313,0.6466455669999975,0.5303030303030303,0.07840722799301147,0.559322033898305,0.9866193684335036,0.49607571959495544,0.578779935836792,0.1591048687696457,1.7984908819198608,0.16292589902877808,0.6901385743349584,0.0,0.0009383480064570904,0.00011159528366988525,0.9997138977050781,0.6470867991447449,1.3196528243497596e-06
17,six obstacles,OOD count,global-safe-HB,3,0.9763293400588482,0.7961209628575948,0.5507246376811594,0.02294374257326126,0.5294117647058824,0.9851065218858722,0.4204430878162384,0.43523162603378296,0.16407740116119385,1.925249695777893,0.16961970925331116,0.6616124619719995,0.0,0.0009472911478951573,0.00011632803943939507,0.9997142553329468,0.620124340057373,1.153631728811888e-06
17,six obstacles,OOD count,population-safe-HB,0,0.9621798365122616,0.66187120193401,0.4583333333333333,0.03146902471780777,0.42857142857142855,0.9927021774537026,0.4192414879798889,0.4535796344280243,0.12919044494628906,1.4584941864013672,0.13208387792110443,0.6885899004018872,0.0,0.0010219039395451546,0.00035724209737963974,0.9997203350067139,0.6171602010726929,1.2020271924484405e-06
17,six obstacles,OOD count,population-safe-HB,1,0.9392076502732241,0.6393381161156262,0.40789473684210525,0.020999033004045486,0.38666666666666666,0.991476260720506,0.4689706861972809,0.49586257338523865,0.13692736625671387,1.4388909339904785,0.14142176508903503,0.6918172337485056,0.0,0.0010127747664228082,0.000318797305226326,0.9997203350067139,0.5949195027351379,4.381784947327105e-06
17,six obstacles,OOD count,population-safe-HB,2,0.9679509838576646,0.7570434752497982,0.4852941176470588,0.059014543890953064,0.5081967213114754,0.9932503368868191,0.4504145383834839,0.5178882479667664,0.13440704345703125,1.4024269580841064,0.13856491446495056,0.7337907318376068,0.0,0.0010090649593621492,0.00029471697052940726,0.9997199773788452,0.6663355827331543,1.3196528243497596e-06
17,six obstacles,OOD count,population-safe-HB,3,0.978588692728037,0.80285468750007,0.5507246376811594,0.012295646592974663,0.5294117647058824,0.9939882148735142,0.4962499439716339,0.6517819762229919,0.14080576598644257,1.5859050750732422,0.1439945548772812,0.6887788641564385,0.0,0.0010123116662725806,0.00030805374262854457,0.9997202157974243,0.6811462640762329,1.153631728811888e-06
17,six obstacles,OOD count,spectrum-HB,0,0.8485831062670299,0.3360415920470889,0.1797752808988764,0.09024979919195175,0.16279069767441862,0.9342929088755961,3.230100154876709,6.156330108642578,0.24788963794708252,1.8353644609451294,0.24427898228168488,0.7688124804748516,0.0,0.0010219039395451546,0.00035724209737963974,0.9997203350067139,0.6171602010726929,1.2020271924484405e-06
17,six obstacles,OOD count,spectrum-HB,1,0.7716740226986128,0.2888661120185447,0.20224719101123595,0.17739790678024292,0.19540229885057472,0.9085331957384569,3.6010234355926514,6.628525733947754,0.2641894221305847,1.9674617052078247,0.23668010532855988,0.7238507770129329,0.0,0.0010127747664228082,0.000318797305226326,0.9997203350067139,0.5949195027351379,4.381784947327105e-06
17,six obstacles,OOD count,spectrum-HB,2,0.7505302226935313,0.19728323813439083,0.16091954022988506,0.19013914465904236,0.16455696202531644,0.8846033120143012,4.310805797576904,7.948337554931641,0.29323849081993103,1.6216964721679688,0.2969169616699219,0.7336016373762618,0.0,0.0010090649593621492,0.00029471697052940726,0.9997199773788452,0.6663355827331543,1.3196528243497596e-06
17,six obstacles,OOD count,spectrum-HB,3,0.7523644388398487,0.299650539233147,0.17582417582417584,0.19215168058872223,0.18181818181818182,0.8830057424750383,4.301708698272705,7.937345504760742,0.29470518231391907,1.7436355352401733,0.2803177535533905,0.7326669641919562,0.0,0.0010123116662725806,0.00030805374262854457,0.9997202157974243,0.6811462640762329,1.153631728811888e-06
17,six obstacles,OOD count,population-PCG,0,0.9618528610354222,0.7062657440161209,0.4788732394366197,0.04534298554062843,0.47058823529411764,0.9999960890797758,0.06885135918855667,0.0024617614690214396,0.17099419236183167,2.163140058517456,0.175007626414299,0.5612645004734848,0.0,0.0010219039395451546,0.00035724209737963974,0.9997203350067139,0.6171602010726929,1.2020271924484405e-06
17,six obstacles,OOD count,population-PCG,1,0.9378415300546448,0.6238672132884117,0.4266666666666667,0.02807403914630413,0.40540540540540543,0.999989319839251,0.07474964112043381,0.006850820034742355,0.1891585737466812,2.3476414680480957,0.19240638613700867,0.5664305979072186,0.0,0.0010127747664228082,0.000318797305226326,0.9997203350067139,0.5949195027351379,4.381784947327105e-06
17,six obstacles,OOD count,population-PCG,2,0.9700129609991752,0.7828381347719298,0.4852941176470588,0.036201708018779755,0.559322033898305,0.9999691283342212,0.11575256288051605,0.00686910143122077,0.1818627268075943,2.3338279724121094,0.18513301014900208,0.541149652695641,0.0,0.0010090649593621492,0.00029471697052940726,0.9997199773788452,0.6663355827331543,1.3196528243497596e-06
17,six obstacles,OOD count,population-PCG,3,0.9746479613282892,0.7858182339469435,0.5285714285714286,0.062352485954761505,0.5072463768115942,0.9999860626649099,0.18266725540161133,0.006287779659032822,0.17979645729064941,2.250965118408203,0.18343326449394226,0.5537891465455416,0.0,0.0010123116662725806,0.00030805374262854457,0.9997202157974243,0.6811462640762329,1.153631728811888e-06
17,six obstacles,OOD count,exact,0,0.9617983651226159,0.7056966517337738,0.4788732394366197,0.04534298554062843,0.4492753623188406,1.0,3.047940117539838e-05,1.3897605413148995e-06,0.1709260791540146,2.159229278564453,0.17494800686836243,0.5631584398674242,nan,nan,nan,nan,nan,1.2020271924484405e-06
17,six obstacles,OOD count,exact,1,0.9377101723413198,0.6220712562196302,0.4266666666666667,0.02807403914630413,0.40540540540540543,1.0,3.0913957743905485e-05,1.4112459894022322e-06,0.1891840100288391,2.3471925258636475,0.19248506426811218,0.561982709750567,nan,nan,nan,nan,nan,4.381784947327105e-06
17,six obstacles,OOD count,exact,2,0.970484270060092,0.7901576881653462,0.4852941176470588,0.036201708018779755,0.559322033898305,1.0,3.65753257938195e-05,1.5158389032876585e-06,0.18234103918075562,2.345829725265503,0.18560504913330078,0.534925576069844,nan,nan,nan,nan,nan,1.3196528243497596e-06
17,six obstacles,OOD count,exact,3,0.975042034468264,0.7898471798414017,0.5507246376811594,0.055168069899082184,0.5072463768115942,1.0,3.1517516617896035e-05,1.3792805475532077e-06,0.18030835688114166,2.2580933570861816,0.18393400311470032,0.5614930105202479,nan,nan,nan,nan,nan,1.153631728811888e-06
17,three stars,OOD shape,learned-Richardson,0,0.9539607843137256,0.7449724459548139,0.4126984126984127,0.14514832198619843,0.5454545454545454,0.022249193542519613,0.556490957736969,0.07283329963684082,0.22637172043323517,0.6291800737380981,0.32306233048439026,0.4134365470326061,1.0,5.969396443106234e-05,6.863737507956102e-05,0.9999172687530518,0.7016327381134033,1.7995433836404118e-06
17,three stars,OOD shape,learned-Richardson,1,0.9560467806194577,0.688609014062344,0.34375,0.31124168634414673,0.4090909090909091,0.03784821516289597,0.562664270401001,0.07412053644657135,0.22898221015930176,0.6352089643478394,0.3181843161582947,0.4145717570415788,1.0,5.955064989393577e-05,6.2555969634559e-05,0.9999133348464966,0.7129417657852173,1.6579107295910944e-06
17,three stars,OOD shape,learned-Richardson,2,0.9679074206633261,0.6879801226782204,0.2833333333333333,0.15659628808498383,0.41935483870967744,-0.07292895008860126,0.5733807682991028,0.07370749861001968,0.21552430093288422,0.6028323173522949,0.3086809813976288,0.5319434931506849,1.0,5.545918975258246e-05,5.6214590586023405e-05,0.9999130964279175,0.7237297296524048,1.5383952813863289e-06
17,three stars,OOD shape,learned-Richardson,3,0.913921568627451,0.48086130391427595,0.2535211267605634,0.16395607590675354,0.3076923076923077,-0.049429563640645525,0.5644137859344482,0.07062593102455139,0.23385223746299744,0.6511098742485046,0.296720415353775,0.36436238180424224,1.0,5.61120396014303e-05,5.760790008935146e-05,0.9999161958694458,0.6997575163841248,1.598561198079551e-06
17,three stars,OOD shape,learned-HB,0,0.9923529411764707,0.8973814760988366,0.5344827586206896,0.02666311524808407,0.7,0.9856115821550875,0.276226669549942,0.12297555804252625,0.05701041966676712,0.3490162789821625,0.05998217687010765,0.9679168894660453,0.0,0.0010217938106507063,0.000315565790515393,0.999720573425293,0.6942686438560486,1.7995433836404118e-06
17,three stars,OOD shape,learned-HB,1,0.9876194148138627,0.7516264928962677,0.4827586206896552,0.013248329050838947,0.55,0.9862120254405617,0.30101633071899414,0.10202392935752869,0.05485253781080246,0.4143502712249756,0.05789944902062416,0.9259639479427693,0.0,0.0010110069997608662,0.00029752307455055416,0.9997199773788452,0.7074081301689148,1.6579107295910944e-06
17,three stars,OOD shape,learned-HB,2,0.9917680744452398,0.8534364812756909,0.375,0.03345276787877083,0.5714285714285714,0.9806716772348698,0.30622273683547974,0.1276269257068634,0.05217010900378227,0.4153119623661041,0.05583897978067398,0.9559622176317718,0.0,0.0010098896455019712,0.000273861427558586,0.9997200965881348,0.6888936161994934,1.5383952813863289e-06
17,three stars,OOD shape,learned-HB,3,0.9888235294117647,0.7894978635862582,0.5344827586206896,0.015395495109260082,0.6190476190476191,0.9910721561084921,0.31887272000312805,0.11647840589284897,0.058567631989717484,0.4019019603729248,0.06317448616027832,0.9550955905026209,0.0,0.00101596605964005,0.0002708285755943507,0.9997206926345825,0.6579853892326355,1.598561198079551e-06
17,three stars,OOD shape,learned-Chebyshev,0,0.9924313725490196,0.8958167940064492,0.5344827586206896,0.02078879438340664,0.6585365853658537,0.9867717466160528,0.2610987424850464,0.025838062167167664,0.05043581873178482,0.29011237621307373,0.05318325012922287,0.9608116888818644,1.0,0.0001434751320630312,0.00040715179056860507,0.9996985793113708,0.7003278732299805,1.7995433836404118e-06
17,three stars,OOD shape,learned-Chebyshev,1,0.9868483057019235,0.7500973907130944,0.4827586206896552,0.004708519205451012,0.5121951219512195,0.987147269616957,0.2939079999923706,0.028340736404061317,0.049516916275024414,0.3592788875102997,0.05065266042947769,0.9391025641025642,1.0,0.00014195172116160393,0.0003735013888217509,0.9996983408927917,0.689011812210083,1.6579107295910944e-06
17,three stars,OOD shape,learned-Chebyshev,2,0.9911715581006919,0.8512891691645563,0.375,0.02487465925514698,0.5714285714285714,0.982284539351045,0.2891498804092407,0.026318738237023354,0.047712020576000214,0.3611955940723419,0.050924867391586304,0.9580427834677127,1.0,0.00014265924983192235,0.00036508069024421275,0.9996984601020813,0.6638726592063904,1.5383952813863289e-06
17,three stars,OOD shape,learned-Chebyshev,3,0.9872156862745098,0.7749086581159284,0.5084745762711864,0.005033047404140234,0.5813953488372093,0.9916279168901518,0.3055078387260437,0.027382103726267815,0.05290866643190384,0.34910398721694946,0.0566374696791172,0.955970714466044,1.0,0.00013732758816331625,0.00034520658664405346,0.9996986985206604,0.6772974133491516,1.598561198079551e-06
17,three stars,OOD shape,global-safe-HB,0,0.9916078431372549,0.8895654874802156,0.5344827586206896,0.016963092610239983,0.7,0.9816552570236832,0.45588934421539307,0.4896550476551056,0.07186891883611679,0.7905871272087097,0.07441486418247223,0.7517936632626341,0.0,0.0009552764822728932,0.00010735408432083204,0.9997158050537109,0.6977934241294861,1.7995433836404118e-06
17,three stars,OOD shape,global-safe-HB,1,0.9785374630510217,0.6204240407487019,0.4098360655737705,0.022981800138950348,0.4090909090909091,0.9843182907190122,0.5279074907302856,0.6568360924720764,0.06642118096351624,0.7513213753700256,0.0686764195561409,0.6778010635416222,0.0,0.0009358420502394438,9.834040247369558e-05,0.9997145533561707,0.7103406190872192,1.6579107295910944e-06
17,three stars,OOD shape,global-safe-HB,2,0.9869362920544024,0.7980559800029159,0.3275862068965517,0.0616782121360302,0.5172413793103449,0.9772484896622802,0.5495036840438843,0.6762092113494873,0.06254369020462036,0.6867389678955078,0.0661470890045166,0.6989410197068519,0.0,0.0009308595326729119,8.858089859131724e-05,0.9997146725654602,0.7221806645393372,1.5383952813863289e-06
17,three stars,OOD shape,global-safe-HB,3,0.9855294117647059,0.7498128930435135,0.5084745762711864,0.017119726166129112,0.5813953488372093,0.9884240972843696,0.5174800157546997,0.621903657913208,0.07043186575174332,0.7854723930358887,0.07298364490270615,0.691083927964662,0.0,0.0009462940506637096,9.146778756985441e-05,0.9997156858444214,0.6868754029273987,1.598561198079551e-06
17,three stars,OOD shape,population-safe-HB,0,0.9908627450980392,0.8719854410548037,0.5344827586206896,0.039505500346422195,0.6190476190476191,0.9901817201560447,0.4467531740665436,0.5525298714637756,0.06404515355825424,0.6948179006576538,0.06545840948820114,0.7352976485241375,0.0,0.0010217938106507063,0.000315565790515393,0.999720573425293,0.6942686438560486,1.7995433836404118e-06
17,three stars,OOD shape,population-safe-HB,1,0.9863770723557383,0.723256943340201,0.4827586206896552,0.01831446774303913,0.5121951219512195,0.9900775751362697,0.44225218892097473,0.445711612701416,0.062374047935009,0.6957074999809265,0.06480798125267029,0.6955393349553933,0.0,0.0010110069997608662,0.00029752307455055416,0.9997199773788452,0.7074081301689148,1.6579107295910944e-06
17,three stars,OOD shape,population-safe-HB,2,0.9931400620376999,0.8665723939719018,0.4,0.03763340041041374,0.5714285714285714,0.9863032836936447,0.45653167366981506,0.5687729120254517,0.0584530271589756,0.6738640666007996,0.06144876033067703,0.6643077397471476,0.0,0.0010098896455019712,0.000273861427558586,0.9997200965881348,0.6888936161994934,1.5383952813863289e-06
17,three stars,OOD shape,population-safe-HB,3,0.9882745098039215,0.7659295318287724,0.5344827586206896,0.02031056210398674,0.5454545454545454,0.9943584882711944,0.44895029067993164,0.5307665467262268,0.06629695743322372,0.755428671836853,0.06969190388917923,0.6772763956141815,0.0,0.00101596605964005,0.0002708285755943507,0.9997206926345825,0.6579853892326355,1.598561198079551e-06
17,three stars,OOD shape,spectrum-HB,0,0.7896470588235294,0.319626813530898,0.1125,0.17832805216312408,0.15254237288135594,0.9024762644707888,3.6239802837371826,8.38053035736084,0.24635986983776093,1.0323071479797363,0.29730188846588135,0.9236397970022424,0.0,0.0010217938106507063,0.000315565790515393,0.999720573425293,0.6942686438560486,1.7995433836404118e-06
17,three stars,OOD shape,spectrum-HB,1,0.8192605920404403,0.32936910247013895,0.16216216216216217,0.1307668685913086,0.24,0.9006212512813367,3.798841714859009,9.082388877868652,0.2506037950515747,1.0453014373779297,0.2854923903942108,0.904079861111111,0.0,0.0010110069997608662,0.00029752307455055416,0.9997199773788452,0.7074081301689148,1.6579107295910944e-06
17,three stars,OOD shape,spectrum-HB,2,0.7821522309711285,0.06001697396771459,0.0,0.06898988038301468,0.0,0.9074023535783207,3.7937285900115967,9.622257232666016,0.23608356714248657,0.8433544635772705,0.2587164640426636,0.917958120881789,0.0,0.0010098896455019712,0.000273861427558586,0.9997200965881348,0.6888936161994934,1.5383952813863289e-06
17,three stars,OOD shape,spectrum-HB,3,0.7897647058823529,0.2226184036706677,0.1125,0.15378300845623016,0.15254237288135594,0.9022384433151147,3.936051368713379,9.122922897338867,0.27305474877357483,1.0978906154632568,0.2996329963207245,0.9002288329519451,0.0,0.00101596605964005,0.0002708285755943507,0.9997206926345825,0.6579853892326355,1.598561198079551e-06
17,three stars,OOD shape,population-PCG,0,0.9914509803921568,0.8810753875801642,0.5084745762711864,0.027974169701337814,0.6190476190476191,0.9999987531528475,0.04849603772163391,0.002150824060663581,0.09106138348579407,1.1437363624572754,0.09293253719806671,0.5712186476421233,0.0,0.0010217938106507063,0.000315565790515393,0.999720573425293,0.6942686438560486,1.7995433836404118e-06
17,three stars,OOD shape,population-PCG,1,0.9828642419569035,0.6716402385622053,0.4576271186440678,0.022919805720448494,0.4418604651162791,0.9999971700152085,0.062089260667562485,0.005779302679002285,0.08609049022197723,1.0528982877731323,0.08813542872667313,0.599898363420071,0.0,0.0010110069997608662,0.00029752307455055416,0.9997199773788452,0.7074081301689148,1.6579107295910944e-06
17,three stars,OOD shape,population-PCG,2,0.9924242424242424,0.8615151619497754,0.4,0.032573673874139786,0.5714285714285714,0.9999939029408442,0.12226661294698715,0.0045074825175106525,0.08516135066747665,1.0400255918502808,0.08701708167791367,0.5920238944156739,0.0,0.0010098896455019712,0.000273861427558586,0.9997200965881348,0.6888936161994934,1.5383952813863289e-06
17,three stars,OOD shape,population-PCG,3,0.9868235294117647,0.7635534096277833,0.5344827586206896,0.010012112557888031,0.5454545454545454,0.9999978110376424,0.05199691280722618,0.004126982297748327,0.08861394971609116,1.087700366973877,0.09098192304372787,0.6069450241992802,0.0,0.00101596605964005,0.0002708285755943507,0.9997206926345825,0.6579853892326355,1.598561198079551e-06
17,three stars,OOD shape,exact,0,0.9914509803921568,0.8814024506007258,0.5084745762711864,0.027974169701337814,0.6190476190476191,1.0,3.767055386560969e-05,1.4472059319814434e-06,0.09073028713464737,1.1377472877502441,0.092558354139328,0.5723852470049805,nan,nan,nan,nan,nan,1.7995433836404118e-06
17,three stars,OOD shape,exact,1,0.9828642419569036,0.6720522576169139,0.4576271186440678,0.022919805720448494,0.4418604651162791,1.0,3.821115751634352e-05,1.4074450973566854e-06,0.08594571053981781,1.0502034425735474,0.08800814300775528,0.5964368796979297,nan,nan,nan,nan,nan,1.6579107295910944e-06
17,three stars,OOD shape,exact,2,0.9927821522309711,0.8658162535704246,0.4,0.032573673874139786,0.5714285714285714,1.0,4.473182707442902e-05,1.497306357123307e-06,0.08502940088510513,1.0397535562515259,0.08685122430324554,0.5921992448242404,nan,nan,nan,nan,nan,1.5383952813863289e-06
17,three stars,OOD shape,exact,3,0.9870196078431372,0.765861990841889,0.5344827586206896,0.010012112557888031,0.5454545454545454,1.0,4.002700006822124e-05,1.5704089264545473e-06,0.08827024698257446,1.083461046218872,0.09067040681838989,0.6071706585137467,nan,nan,nan,nan,nan,1.598561198079551e-06
17,30 percent noise,OOD noise,learned-Richardson,0,0.9737339380196524,0.6164473948895919,0.31746031746031744,0.029413269832730293,0.36585365853658536,0.4849894900258778,0.46592897176742554,0.0929531678557396,0.24822720885276794,0.6909254789352417,0.3174853026866913,0.36776842948717947,1.0,0.00024113555264193565,0.00024887730251066387,0.9999005794525146,0.6714674234390259,1.554117488922202e-06
17,30 percent noise,OOD noise,learned-Richardson,1,0.9861789500343716,0.8077263319844176,0.5081967213114754,0.015085970982909203,0.6444444444444445,0.4539732741196292,0.46186110377311707,0.09715153276920319,0.2544664144515991,0.6936516165733337,0.32768094539642334,0.42278087894729793,1.0,0.0002395156043348834,0.00025149763678200543,0.9998981952667236,0.6475441455841064,1.0990514738296042e-06
17,30 percent noise,OOD noise,learned-Richardson,2,0.9847034140759108,0.7649063648087275,0.45161290322580644,0.03344888240098953,0.48936170212765956,0.618081188303932,0.46663832664489746,0.09491850435733795,0.2421373724937439,0.6640582084655762,0.3172842860221863,0.38529160772944604,1.0,0.0002479568647686392,0.0002671332040335983,0.999896764755249,0.6736533641815186,1.1656992455755244e-06
17,30 percent noise,OOD noise,learned-Richardson,3,0.979014295212766,0.6672871388241279,0.38095238095238093,0.07759825140237808,0.45454545454545453,0.444546804322736,0.45183756947517395,0.09565642476081848,0.23434112966060638,0.642376720905304,0.3085026144981384,0.37283610461453026,1.0,0.00024056517577264458,0.00025170776643790305,0.9998968839645386,0.6649712920188904,1.1790715461756918e-06
17,30 percent noise,OOD noise,learned-HB,0,0.9736866969009825,0.6200538614683306,0.36065573770491804,0.033510252833366394,0.36585365853658536,0.9965173067656903,0.14886222779750824,0.11452243477106094,0.07866336405277252,0.6257874369621277,0.08428697288036346,0.9169949615982605,0.0,0.0011436521308496594,0.0009764335118234158,0.9997164011001587,0.6709040999412537,1.554117488922202e-06
17,30 percent noise,OOD noise,learned-HB,1,0.9862874923115887,0.7616498800593531,0.559322033898305,0.052950888872146606,0.5416666666666666,0.9976615801640168,0.13092312216758728,0.10135965049266815,0.06080629304051399,0.46572986245155334,0.06500206887722015,0.9031556440315565,0.0,0.0011798725463449955,0.0010998380603268743,0.9997159838676453,0.6416836977005005,1.0990514738296042e-06
17,30 percent noise,OOD noise,learned-HB,2,0.9795536906351325,0.7524411809241541,0.40625,0.06141338869929314,0.48936170212765956,0.9975778614789997,0.1162150502204895,0.0615851953625679,0.06276234239339828,0.5127502679824829,0.06778881698846817,0.8780619285837503,0.0,0.0011804922251030803,0.0011115100933238864,0.9997163414955139,0.6568024754524231,1.1656992455755244e-06
17,30 percent noise,OOD noise,learned-HB,3,0.9741522606382979,0.584772281706263,0.4262295081967213,0.074675552546978,0.3617021276595745,0.9957558932186271,0.13394896686077118,0.1017477884888649,0.0744958445429802,0.5587880611419678,0.08182468265295029,0.8804515873871931,0.0,0.0011703743366524577,0.0010475555900484324,0.9997162222862244,0.6286852359771729,1.1790715461756918e-06
17,30 percent noise,OOD noise,learned-Chebyshev,0,0.9738756613756614,0.6264005241541121,0.36065573770491804,0.03432436287403107,0.3333333333333333,0.9961912420357752,0.13303688168525696,0.023765254765748978,0.07367566972970963,0.5830166339874268,0.0791076123714447,0.9104354919678715,1.0,0.0002871244214475155,0.0011388101847842336,0.999695360660553,0.6773303747177124,1.554117488922202e-06
17,30 percent noise,OOD noise,learned-Chebyshev,1,0.9856362386482868,0.7493964745467884,0.559322033898305,0.06325550377368927,0.5416666666666666,0.9976984487492364,0.10997740924358368,0.02014942653477192,0.05557041987776756,0.41464945673942566,0.058983996510505676,0.9109368684827419,1.0,0.0003344927972648293,0.0013547949492931366,0.9996950626373291,0.6516127586364746,1.0990514738296042e-06
17,30 percent noise,OOD noise,learned-Chebyshev,2,0.9798207133320618,0.7512854483330568,0.42857142857142855,0.05767574533820152,0.48936170212765956,0.9965528935550777,0.10295318067073822,0.02309834025800228,0.060482025146484375,0.47488823533058167,0.06482581049203873,0.8891228070175439,1.0,0.0003229222784284502,0.0012636019382625818,0.9996951818466187,0.6552886962890625,1.1656992455755244e-06
17,30 percent noise,OOD noise,learned-Chebyshev,3,0.9756067154255319,0.603447156680628,0.4262295081967213,0.07282901555299759,0.391304347826087,0.9961829723764921,0.1114853024482727,0.022283684462308884,0.06568954139947891,0.48490455746650696,0.07151682674884796,0.8914576962283385,1.0,0.0003285315178800374,0.001310204854235053,0.9996950626373291,0.6421819925308228,1.1790715461756918e-06
17,30 percent noise,OOD noise,global-safe-HB,0,0.9748204837490553,0.6189900610043508,0.3387096774193548,0.06078056991100311,0.36585365853658536,0.9885092909582631,0.2723926603794098,0.2814943790435791,0.12003981322050095,1.3422545194625854,0.1241723969578743,0.6532752891014789,0.0,0.0011546717723831534,0.00037983673973940313,0.9997105002403259,0.667930006980896,1.554117488922202e-06
17,30 percent noise,OOD noise,global-safe-HB,1,0.983320670067658,0.7235892086991856,0.5081967213114754,0.04917324334383011,0.5102040816326531,0.9898019031876075,0.25964879989624023,0.24549490213394165,0.09586333483457565,1.048708438873291,0.09993262588977814,0.6659935043304464,0.0,0.0011567085748538375,0.00038647744804620743,0.9997100234031677,0.6440960764884949,1.0990514738296042e-06
17,30 percent noise,OOD noise,global-safe-HB,2,0.9794011062368873,0.7420644223788633,0.42857142857142855,0.059604495763778687,0.48936170212765956,0.9928601064979393,0.22558249533176422,0.1951747089624405,0.09531250596046448,1.0653862953186035,0.09964604675769806,0.6799411439741628,0.0,0.0011681923642754555,0.00041262860759161413,0.9997102618217468,0.6667725443840027,1.1656992455755244e-06
17,30 percent noise,OOD noise,global-safe-HB,3,0.970952460106383,0.5833742136033623,0.359375,0.0955132395029068,0.391304347826087,0.9901637858143895,0.23774239420890808,0.16494090855121613,0.12289880961179733,1.3568286895751953,0.12745103240013123,0.6782567528471107,0.0,0.0011537298560142517,0.0003839788259938359,0.9997101426124573,0.6557008624076843,1.1790715461756918e-06
17,30 percent noise,OOD noise,population-safe-HB,0,0.9737339380196524,0.5689923465994429,0.36065573770491804,0.040399834513664246,0.3333333333333333,0.995971098832205,0.28740859031677246,0.3582041561603546,0.10841444134712219,1.2709673643112183,0.11234640330076218,0.6269352366353708,0.0,0.0011436521308496594,0.0009764335118234158,0.9997164011001587,0.6709040999412537,1.554117488922202e-06
17,30 percent noise,OOD noise,population-safe-HB,1,0.9838272006946706,0.7136200581292371,0.5333333333333333,0.06304211914539337,0.5102040816326531,0.9962005534234113,0.23998211324214935,0.28992921113967896,0.10224524140357971,1.1114921569824219,0.10676875710487366,0.6719562542177763,0.0,0.0011798725463449955,0.0010998380603268743,0.9997159838676453,0.6416836977005005,1.0990514738296042e-06
17,30 percent noise,OOD noise,population-safe-HB,2,0.977112340263208,0.7283160961558584,0.36363636363636365,0.03344888612627983,0.48936170212765956,0.9949521250610214,0.22941173613071442,0.17891904711723328,0.09402873367071152,1.080627202987671,0.09762324392795563,0.6382906772018724,0.0,0.0011804922251030803,0.0011115100933238864,0.9997163414955139,0.6568024754524231,1.1656992455755244e-06
17,30 percent noise,OOD noise,population-safe-HB,3,0.9700797872340425,0.523380764103407,0.38095238095238093,0.08604368567466736,0.3333333333333333,0.9947803395011973,0.2346610575914383,0.3057551085948944,0.12287269532680511,1.3421467542648315,0.12799328565597534,0.6782753414619072,0.0,0.0011703743366524577,0.0010475555900484324,0.9997162222862244,0.6286852359771729,1.1790715461756918e-06
17,30 percent noise,OOD noise,spectrum-HB,0,0.9395786092214664,0.4461952432028911,0.22058823529411764,0.05014977976679802,0.21739130434782608,0.9901118695032688,1.2908148765563965,2.7615065574645996,0.39744043350219727,4.581663608551025,0.4128381609916687,0.26339040634743066,0.0,0.0011436521308496594,0.0009764335118234158,0.9997164011001587,0.6709040999412537,1.554117488922202e-06
17,30 percent noise,OOD noise,spectrum-HB,1,0.96996996996997,0.49432276196164204,0.35294117647058826,0.03627612441778183,0.2982456140350877,0.9950144967569144,0.9551356434822083,2.0818543434143066,0.3752165138721466,4.4757981300354,0.3876078426837921,0.2876352265043948,0.0,0.0011798725463449955,0.0010998380603268743,0.9997159838676453,0.6416836977005005,1.0990514738296042e-06
17,30 percent noise,OOD noise,spectrum-HB,2,0.9588403585733358,0.4385061988464296,0.30434782608695654,0.10329191386699677,0.2962962962962963,0.99394905856369,1.0382601022720337,2.1172075271606445,0.352248877286911,4.151468276977539,0.36467236280441284,0.32745265469183615,0.0,0.0011804922251030803,0.0011115100933238864,0.9997163414955139,0.6568024754524231,1.1656992455755244e-06
17,30 percent noise,OOD noise,spectrum-HB,3,0.9474734042553191,0.3611827026055245,0.20833333333333334,0.1767416149377823,0.18518518518518517,0.9937097719895059,1.009769082069397,2.18631649017334,0.41233962774276733,4.74831485748291,0.4302099645137787,0.2460963790550545,0.0,0.0011703743366524577,0.0010475555900484324,0.9997162222862244,0.6286852359771729,1.1790715461756918e-06
17,30 percent noise,OOD noise,population-PCG,0,0.9741118669690099,0.6176560229200192,0.36065573770491804,0.04861754924058914,0.36585365853658536,0.9999997255659707,0.010583654046058655,0.0014765124069526792,0.17995981872081757,2.1761090755462646,0.18517808616161346,0.5599525226757369,0.0,0.0011436521308496594,0.0009764335118234158,0.9997164011001587,0.6709040999412537,1.554117488922202e-06
17,30 percent noise,OOD noise,population-PCG,1,0.9858895039617932,0.75423275384504,0.5333333333333333,0.055817581713199615,0.574468085106383,0.9999997055262743,0.025950390845537186,0.0006587349344044924,0.17174966633319855,2.0517354011535645,0.17790226638317108,0.5622486735803478,0.0,0.0011798725463449955,0.0010998380603268743,0.9997159838676453,0.6416836977005005,1.0990514738296042e-06
17,30 percent noise,OOD noise,population-PCG,2,0.9789433530421514,0.7387303542166584,0.42857142857142855,0.057279013097286224,0.48936170212765956,0.9999998274016443,0.012699108570814133,0.0005863256519660354,0.16233503818511963,1.9180753231048584,0.16879884898662567,0.5924194027633338,0.0,0.0011804922251030803,0.0011115100933238864,0.9997163414955139,0.6568024754524231,1.1656992455755244e-06
17,30 percent noise,OOD noise,population-PCG,3,0.9731133643617021,0.5978738579319953,0.38095238095238093,0.08238863945007324,0.391304347826087,0.9999997400373026,0.01551913097500801,0.0007359400042332709,0.18910688161849976,2.2859702110290527,0.19466422498226166,0.5512536333410009,0.0,0.0011703743366524577,0.0010475555900484324,0.9997162222862244,0.6286852359771729,1.1790715461756918e-06
17,30 percent noise,OOD noise,exact,0,0.9741591080876795,0.6192900098481238,0.36065573770491804,0.04861754924058914,0.36585365853658536,1.0,1.3104146091791335e-05,8.041619139476097e-07,0.17891761660575867,2.1594398021698,0.18402427434921265,0.5554012774229381,nan,nan,nan,nan,nan,1.554117488922202e-06
17,30 percent noise,OOD noise,exact,1,0.9858533232027208,0.7541375701404901,0.5333333333333333,0.055817581713199615,0.574468085106383,1.0,1.2166254236944951e-05,8.031078664316738e-07,0.17061203718185425,2.033691644668579,0.17660856246948242,0.565682489544032,nan,nan,nan,nan,nan,1.0990514738296042e-06
17,30 percent noise,OOD noise,exact,2,0.9788670608430288,0.7362083083612793,0.42857142857142855,0.06275436282157898,0.48936170212765956,1.0,1.530391091364436e-05,1.024727794174396e-06,0.1610337793827057,1.901526689529419,0.16749297082424164,0.5926423200859291,nan,nan,nan,nan,nan,1.1656992455755244e-06
17,30 percent noise,OOD noise,exact,3,0.9730718085106382,0.5976017244051449,0.38095238095238093,0.08238863945007324,0.391304347826087,1.0,1.3534855497709941e-05,8.648120797261072e-07,0.187993124127388,2.270423173904419,0.1935325711965561,0.5600062822839591,nan,nan,nan,nan,nan,1.1790715461756918e-06
17,180 degree aperture,OOD aperture,learned-Richardson,0,0.7462693869563091,0.2730456172423361,0.15492957746478872,0.20581917464733124,0.14893617021276595,-0.07807477554379418,0.5772426128387451,0.08426046371459961,0.22213152050971985,0.6505699157714844,0.1663523018360138,0.6766652960526316,0.0,3.9298658521147445e-05,3.919995651813224e-05,0.9999179840087891,0.7185233235359192,1.0553397942203446e-06
17,180 degree aperture,OOD aperture,learned-Richardson,1,0.7357329842931938,0.18283739784901973,0.11940298507462686,0.037960704416036606,0.17647058823529413,-0.06223252638597963,0.5883013010025024,0.08432575315237045,0.22391577064990997,0.6384857892990112,0.17159400880336761,0.4257331616950758,0.0,3.666036354843527e-05,3.6413268389878795e-05,0.9999172687530518,0.6989362239837646,1.114449560191133e-06
17,180 degree aperture,OOD aperture,learned-Richardson,2,0.6534240038177047,0.18838313709093787,0.1323529411764706,0.38486894965171814,0.15789473684210525,-0.045327277845523484,0.594958484172821,0.07855704426765442,0.23590399324893951,0.663699746131897,0.19219817221164703,0.6124428776602691,1.0,4.004352740594186e-05,4.209892722428776e-05,0.9999226331710815,0.726218044757843,1.902121766761411e-06
17,180 degree aperture,OOD aperture,learned-Richardson,3,0.6375644994840042,0.17098659255731424,0.12121212121212122,0.4029504358768463,0.1875,-0.15441587994188766,0.587972104549408,0.08084461838006973,0.2451607584953308,0.6843926310539246,0.217192143201828,0.6006546378322043,1.0,3.538353485055268e-05,3.6184803320793435e-05,0.9999173879623413,0.6796548366546631,1.1963389852098771e-06
17,180 degree aperture,OOD aperture,learned-HB,0,0.9570918342384657,0.36196437021678596,0.22388059701492538,0.05626522749662399,0.2,0.9811835925270552,0.357522189617157,0.11483930796384811,0.17310470342636108,0.8661144375801086,0.19335214793682098,0.9598120950881449,0.0,0.0009986631339415908,0.0001667328178882599,0.9997211694717407,0.646479070186615,1.0553397942203446e-06
17,180 degree aperture,OOD aperture,learned-HB,1,0.9632853403141362,0.4749296887580291,0.22950819672131148,0.11825035512447357,0.25,0.9743202335986978,0.40809834003448486,0.17431513965129852,0.09053908288478851,0.6763254404067993,0.08942122757434845,0.9609349326322708,0.0,0.0010058680782094598,0.00017043109983205795,0.9997215270996094,0.7240849137306213,1.114449560191133e-06
17,180 degree aperture,OOD aperture,learned-HB,2,0.9609878310665712,0.4727075395645365,0.2222222222222222,0.14550042152404785,0.2571428571428571,0.9667144125431875,0.4328528344631195,0.10415861755609512,0.0962037593126297,0.3789806365966797,0.1237829402089119,0.948510171351397,0.0,0.0010142643004655838,0.00020423246314749122,0.9997214078903198,0.6945294737815857,1.902121766761411e-06
17,180 degree aperture,OOD aperture,learned-HB,3,0.9669762641898865,0.5326027426204263,0.1935483870967742,0.12330277264118195,0.3103448275862069,0.9827934157997984,0.38236477971076965,0.09203975647687912,0.1577177196741104,0.6188997030258179,0.17771930992603302,0.9692097519966372,0.0,0.001004073186777532,0.00018269894644618034,0.9997212886810303,0.696607768535614,1.1963389852098771e-06
17,180 degree aperture,OOD aperture,learned-Chebyshev,0,0.9581192817652526,0.4171469035759498,0.22388059701492538,0.05626522749662399,0.22727272727272727,0.9797646905807851,0.3620654344558716,0.039320074021816254,0.1844877302646637,1.128063440322876,0.20127485692501068,0.9639943289730627,1.0,0.00011080243712058291,0.00020570871129166335,0.9997003674507141,0.6427990198135376,1.0553397942203446e-06
17,180 degree aperture,OOD aperture,learned-Chebyshev,1,0.9642670157068063,0.5032703886974788,0.22950819672131148,0.11825035512447357,0.25,0.9725692339533557,0.4102546274662018,0.03655897453427315,0.08924312144517899,0.661518931388855,0.09277436137199402,0.9664894066008272,1.0,0.00011038040975108743,0.0002100571437040344,0.9997003674507141,0.7298503518104553,1.114449560191133e-06
17,180 degree aperture,OOD aperture,learned-Chebyshev,2,0.9617633023144835,0.4346418700072452,0.2222222222222222,0.14135639369487762,0.2571428571428571,0.9696411034840543,0.41748520731925964,0.0348743200302124,0.13568781316280365,0.5390104055404663,0.161004900932312,0.9593378218586356,1.0,0.00012640704517252743,0.00028657674556598067,0.9996996521949768,0.6754672527313232,1.902121766761411e-06
17,180 degree aperture,OOD aperture,learned-Chebyshev,3,0.9669074647402821,0.5242956757718786,0.1935483870967742,0.12330277264118195,0.3103448275862069,0.9817743035226604,0.37812894582748413,0.03571299463510513,0.19921083748340607,1.1465301513671875,0.20058581233024597,0.974018944519621,1.0,0.0001166366200777702,0.00024367812147829682,0.9996998906135559,0.7077330350875854,1.1963389852098771e-06
17,180 degree aperture,OOD aperture,global-safe-HB,0,0.9598316943098978,0.4602332874591714,0.22388059701492538,0.05626522749662399,0.2,0.9832268704352314,0.5103262066841125,0.5719556212425232,0.18133190274238586,1.2289515733718872,0.19630314409732819,0.7475139523084731,0.0,0.0008992094080895185,6.035352635080926e-05,0.9997144341468811,0.7014652490615845,1.0553397942203446e-06
17,180 degree aperture,OOD aperture,global-safe-HB,1,0.9610602094240839,0.44808618680143014,0.25,0.11081315577030182,0.25,0.9758762635060754,0.5807363390922546,0.5310012102127075,0.11077193915843964,1.106649398803711,0.11860092729330063,0.7680654587960258,0.0,0.0009035738767124712,5.759857958764769e-05,0.9997149109840393,0.7040022611618042,1.114449560191133e-06
17,180 degree aperture,OOD aperture,global-safe-HB,2,0.9660582199952279,0.37438542141369024,0.26229508196721313,0.11456648260354996,0.2571428571428571,0.978881871487297,0.6591801047325134,0.9174182415008545,0.053058378398418427,0.37555184960365295,0.06179332733154297,0.8059022961935584,0.0,0.000926462875213474,6.608928379137069e-05,0.9997158646583557,0.723700225353241,1.902121766761411e-06
17,180 degree aperture,OOD aperture,global-safe-HB,3,0.9662882696938425,0.5033139063705478,0.1935483870967742,0.11681731790304184,0.26666666666666666,0.9844914214967787,0.6093243360519409,0.7897636294364929,0.15966205298900604,1.1456342935562134,0.1809544414281845,0.8723216435278067,0.0,0.000903002917766571,5.7373214076505974e-05,0.9997150301933289,0.6809649467468262,1.1963389852098771e-06
17,180 degree aperture,OOD aperture,population-safe-HB,0,0.9571896863838739,0.3280177240324057,0.24242424242424243,0.048035990446805954,0.2,0.9829627048766063,0.5005515813827515,0.5412794947624207,0.2179514616727829,2.001006841659546,0.22499163448810577,0.7165825977301389,0.0,0.0009986631339415908,0.0001667328178882599,0.9997211694717407,0.646479070186615,1.0553397942203446e-06
17,180 degree aperture,OOD aperture,population-safe-HB,1,0.9601439790575916,0.3157978264520164,0.25,0.11139826476573944,0.25,0.9816135207037721,0.6081761717796326,0.8740171790122986,0.10256557911634445,1.1032536029815674,0.11087444424629211,0.7494638548833884,0.0,0.0010058680782094598,0.00017043109983205795,0.9997215270996094,0.7240849137306213,1.114449560191133e-06
17,180 degree aperture,OOD aperture,population-safe-HB,2,0.9644476258649487,0.4896169293684452,0.2222222222222222,0.14195464551448822,0.2571428571428571,0.9810423593483711,0.502184271812439,0.47975996136665344,0.13365142047405243,1.0936036109924316,0.15587285161018372,0.7789149007562656,0.0,0.0010142643004655838,0.00020423246314749122,0.9997214078903198,0.6945294737815857,1.902121766761411e-06
17,180 degree aperture,OOD aperture,population-safe-HB,3,0.9705538355693154,0.5156337038853045,0.23333333333333334,0.09744472801685333,0.3103448275862069,0.9831025104117431,0.5195761919021606,0.4263778030872345,0.1510545015335083,1.0430694818496704,0.1681431233882904,0.776349122186874,0.0,0.001004073186777532,0.00018269894644618034,0.9997212886810303,0.696607768535614,1.1963389852098771e-06
17,180 degree aperture,OOD aperture,spectrum-HB,0,0.6789471109154068,0.07908215603182946,0.07894736842105263,0.2850128412246704,0.10204081632653061,0.7989487692222121,7.382306098937988,15.097640037536621,0.3524159789085388,2.443477153778076,0.3636794984340668,0.9010122627701315,0.0,0.0009986631339415908,0.0001667328178882599,0.9997211694717407,0.646479070186615,1.0553397942203446e-06
17,180 degree aperture,OOD aperture,spectrum-HB,1,0.7689790575916231,0.15697913112755812,0.13636363636363635,0.09993411600589752,0.14285714285714285,0.8018917770214679,7.810214519500732,16.565275192260742,0.2493894100189209,1.4654172658920288,0.2588866055011749,0.9060208123996627,0.0,0.0010058680782094598,0.00017043109983205795,0.9997215270996094,0.7240849137306213,1.114449560191133e-06
17,180 degree aperture,OOD aperture,spectrum-HB,2,0.8412670007158196,0.29096322491111504,0.11594202898550725,0.09855198860168457,0.2222222222222222,0.8449514319365795,6.201800346374512,13.923881530761719,0.2625434398651123,1.0033773183822632,0.293964684009552,0.9308294570663386,0.0,0.0010142643004655838,0.00020423246314749122,0.9997214078903198,0.6945294737815857,1.902121766761411e-06
17,180 degree aperture,OOD aperture,spectrum-HB,3,0.8166494668042655,0.1770861976446508,0.13846153846153847,0.120024174451828,0.15151515151515152,0.8408148495197042,6.990681171417236,15.480334281921387,0.24352699518203735,1.4014508724212646,0.24729005992412567,0.908225374492241,0.0,0.001004073186777532,0.00018269894644618034,0.9997212886810303,0.696607768535614,1.1963389852098771e-06
17,180 degree aperture,OOD aperture,population-PCG,0,0.9590488771466313,0.3712248803496921,0.26153846153846155,0.05948858708143234,0.22727272727272727,0.9999994820142407,0.06450488418340683,0.0029386745300143957,0.05962271988391876,0.5379739999771118,0.0650513768196106,0.6845698166431594,0.0,0.0009986631339415908,0.0001667328178882599,0.9997211694717407,0.646479070186615,1.0553397942203446e-06
17,180 degree aperture,OOD aperture,population-PCG,1,0.9678664921465968,0.5496475735477233,0.25,0.0929558128118515,0.2903225806451613,0.9999989889934223,0.06819631904363632,0.0023478898219764233,0.09866774082183838,1.155104160308838,0.09969940781593323,0.6605889218062663,0.0,0.0010058680782094598,0.00017043109983205795,0.9997215270996094,0.7240849137306213,1.114449560191133e-06
17,180 degree aperture,OOD aperture,population-PCG,2,0.9733357193987116,0.5551825846346716,0.3275862068965517,0.09519664198160172,0.3333333333333333,0.9999988056727367,0.06866797804832458,0.004572099074721336,0.07643143832683563,0.5917595624923706,0.0814208909869194,0.7598437351572148,0.0,0.0010142643004655838,0.00020423246314749122,0.9997214078903198,0.6945294737815857,1.902121766761411e-06
17,180 degree aperture,OOD aperture,population-PCG,3,0.968421052631579,0.5068391825274233,0.21311475409836064,0.10941353440284729,0.3103448275862069,0.9999994874556648,0.04974457621574402,0.002894038800150156,0.056507959961891174,0.531631350517273,0.06409221142530441,0.6763770880295936,0.0,0.001004073186777532,0.00018269894644618034,0.9997212886810303,0.696607768535614,1.1963389852098771e-06
17,180 degree aperture,OOD aperture,exact,0,0.9590488771466313,0.3712248803496921,0.26153846153846155,0.05948858708143234,0.22727272727272727,1.0,5.3726434998679906e-05,1.946623115145485e-06,0.06041169911623001,0.536014199256897,0.06713974475860596,0.6809763989341453,nan,nan,nan,nan,nan,1.0553397942203446e-06
17,180 degree aperture,OOD aperture,exact,1,0.9679319371727748,0.5500351704469482,0.25,0.0929558128118515,0.2903225806451613,1.0,5.902329576201737e-05,1.8237373069496243e-06,0.09843940287828445,1.18587327003479,0.09943272173404694,0.6618996319238711,nan,nan,nan,nan,nan,1.114449560191133e-06
17,180 degree aperture,OOD aperture,exact,2,0.9733357193987116,0.5551825846346716,0.3275862068965517,0.09519664198160172,0.3333333333333333,1.0,8.00081979832612e-05,1.9592487205954967e-06,0.07696854323148727,0.5999256372451782,0.08467855304479599,0.7608886672366296,nan,nan,nan,nan,nan,1.902121766761411e-06
17,180 degree aperture,OOD aperture,exact,3,0.968421052631579,0.5068391825274233,0.21311475409836064,0.10941353440284729,0.3103448275862069,1.0,7.71801351220347e-05,2.244149300167919e-06,0.05720188841223717,0.5285990834236145,0.0640147477388382,0.6787609238451935,nan,nan,nan,nan,nan,1.1963389852098771e-06
17,wavenumber 12,OOD frequency,learned-Richardson,0,0.9143575387076501,0.28130311685507636,0.14705882352941177,0.4293394982814789,0.21052631578947367,-0.35256822850669384,0.61052006483078,0.06674101203680038,0.22166848182678223,0.6194966435432434,0.2623778283596039,0.5253943871455392,1.0,7.136940257623792e-05,7.142295362427831e-05,0.9999006986618042,0.6498019695281982,1.6638120996503858e-06
17,wavenumber 12,OOD frequency,learned-Richardson,1,0.9382605583392984,0.5092033175057307,0.2222222222222222,0.20134027302265167,0.3333333333333333,-0.3200020471716358,0.6070036292076111,0.0689307153224945,0.20691169798374176,0.5814045071601868,0.2552226185798645,0.517513419325305,0.0,7.232379721244797e-05,7.183073466876522e-05,0.9999020099639893,0.6829399466514587,8.369134434360603e-07
17,wavenumber 12,OOD frequency,learned-Richardson,2,0.8969127648123685,0.2098682606737005,0.10810810810810811,0.18418674170970917,0.125,-0.12007706856143115,0.578912615776062,0.06422256678342819,0.26414045691490173,0.7324438095092773,0.3142545223236084,0.39091553227122433,1.0,8.298939792439342e-05,8.549843187211081e-05,0.9999005794525146,0.7121984958648682,1.2456179092623643e-06
17,wavenumber 12,OOD frequency,learned-Richardson,3,0.7673392451698582,0.10243851712834337,0.06172839506172839,0.15147194266319275,0.03333333333333333,-0.254317076145648,0.590762197971344,0.06636342406272888,0.2800394892692566,0.7797809839248657,0.2905701994895935,0.285319151208364,1.0,7.495426689274609e-05,8.032803452806547e-05,0.9999014139175415,0.6633368134498596,3.277329767570336e-07
17,wavenumber 12,OOD frequency,learned-HB,0,0.9985145403645089,0.9572165756948366,0.41818181818181815,0.015119041316211224,0.7692307692307693,0.9855548851241637,0.3462420701980591,0.15061995387077332,0.017014797776937485,0.09075211733579636,0.01930883340537548,0.9806348481388445,0.0,0.0009751401375979185,0.00023141551355365664,0.9997187852859497,0.6772199273109436,1.6638120996503858e-06
17,wavenumber 12,OOD frequency,learned-HB,1,0.9979718444285374,0.9410751557272716,0.4,0.09233992546796799,0.6923076923076923,0.980342165045367,0.34658879041671753,0.11194871366024017,0.019485224038362503,0.09278186410665512,0.02240419015288353,0.9826574569221628,0.0,0.0009757878724485636,0.00026160161360166967,0.9997185468673706,0.7023255825042725,8.369134434360603e-07
17,wavenumber 12,OOD frequency,learned-HB,2,0.9921229022946328,0.821146384214194,0.4909090909090909,0.019893864169716835,0.5428571428571428,0.9903055200427058,0.2932601273059845,0.13211794197559357,0.0366065688431263,0.2955581545829773,0.03892700746655464,0.9641229281767957,0.0,0.0009814819786697626,0.0003330212493892759,0.999718189239502,0.6741737723350525,1.2456179092623643e-06
17,wavenumber 12,OOD frequency,learned-HB,3,0.9941310028702395,0.8767895835818319,0.5636363636363636,0.034879010170698166,0.631578947368421,0.988294457533564,0.2948199212551117,0.13760483264923096,0.030786758288741112,0.19162724912166595,0.034083291888237,0.9704359673024523,0.0,0.000981154153123498,0.0003353578213136643,0.9997183084487915,0.6459302306175232,3.277329767570336e-07
17,wavenumber 12,OOD frequency,learned-Chebyshev,0,0.99885733874193,0.9654658272219057,0.41818181818181815,0.010920667089521885,0.84,0.9851124311261752,0.3465363383293152,0.02866232953965664,0.015289927832782269,0.07747258245944977,0.01741364598274231,0.986441798941799,1.0,0.00012936798157170415,0.00026533575146459043,0.999697744846344,0.7131338715553284,1.6638120996503858e-06
17,wavenumber 12,OOD frequency,learned-Chebyshev,1,0.9979121927940826,0.940719201528438,0.4,0.08524733781814575,0.6923076923076923,0.9783596765250564,0.3581674098968506,0.026285000145435333,0.01671338640153408,0.08020146191120148,0.01910022459924221,0.9749622071050643,1.0,0.00012908618373330683,0.00028148063574917614,0.999697744846344,0.6993054151535034,8.369134434360603e-07
17,wavenumber 12,OOD frequency,learned-Chebyshev,2,0.9914868633494789,0.8136635131046761,0.4642857142857143,0.027454450726509094,0.5428571428571428,0.9901012637009301,0.29400524497032166,0.02481735497713089,0.03498172014951706,0.2687230408191681,0.03720554709434509,0.961603691233321,1.0,0.00014246077626012266,0.00038684543687850237,0.9996972680091858,0.6668767333030701,1.2456179092623643e-06
17,wavenumber 12,OOD frequency,learned-Chebyshev,3,0.9943023604506704,0.8725606676714296,0.5636363636363636,0.030557774007320404,0.631578947368421,0.9878002118232959,0.29466670751571655,0.022971345111727715,0.029218439012765884,0.1698402762413025,0.032464224845170975,0.9736221019019853,1.0,0.00014010989980306476,0.00038522284012287855,0.9996973872184753,0.6497477889060974,3.277329767570336e-07
17,wavenumber 12,OOD frequency,global-safe-HB,0,0.9967434154145003,0.9117368220347262,0.41818181818181815,0.019606025889515877,0.6428571428571429,0.9792662287160349,0.5002113580703735,0.47471240162849426,0.03045705519616604,0.27662762999534607,0.03231309354305267,0.8187838400666388,0.0,0.0009044193429872394,0.00010541337542235851,0.9997119307518005,0.6480519771575928,1.6638120996503858e-06
17,wavenumber 12,OOD frequency,global-safe-HB,1,0.9973156764495347,0.9164425841159842,0.4,0.0917598232626915,0.6296296296296297,0.970295389154793,0.4818818271160126,0.4893345832824707,0.03870221972465515,0.3488771319389343,0.041378699243068695,0.8632921006944445,0.0,0.0009093855624087155,0.00011153803643537685,0.9997119307518005,0.685850977897644,8.369134434360603e-07
17,wavenumber 12,OOD frequency,global-safe-HB,2,0.987817407896668,0.7319525075919164,0.4642857142857143,0.03442620486021042,0.4594594594594595,0.9827061294971497,0.48052775859832764,0.4833925664424896,0.05360839515924454,0.5970293283462524,0.055758312344551086,0.6898364096754848,0.0,0.0009162165224552155,0.00012864201562479138,0.9997114539146423,0.706337034702301,1.2456179092623643e-06
17,wavenumber 12,OOD frequency,global-safe-HB,3,0.989075954247526,0.7920830592394004,0.5087719298245614,0.03630620986223221,0.5121951219512195,0.9789274676673625,0.4606224000453949,0.4211219251155853,0.05471297353506088,0.5833607912063599,0.05686543881893158,0.7590577021388875,0.0,0.0009112675325013697,0.0001243971782969311,0.999711811542511,0.6558080911636353,3.277329767570336e-07
17,wavenumber 12,OOD frequency,population-safe-HB,0,0.9982288750499914,0.9515140241936093,0.41818181818181815,0.015119041316211224,0.7692307692307693,0.9863390982992191,0.4864984154701233,0.6743178367614746,0.021463004872202873,0.20661990344524384,0.023078681901097298,0.826473393095556,0.0,0.0009751401375979185,0.00023141551355365664,0.9997187852859497,0.6772199273109436,1.6638120996503858e-06
17,wavenumber 12,OOD frequency,population-safe-HB,1,0.9976139346218086,0.9286697123929745,0.4,0.08045535534620285,0.76,0.9860212817524193,0.4463007152080536,0.49431362748146057,0.03227230906486511,0.3066486716270447,0.03430955857038498,0.8313501793872442,0.0,0.0009757878724485636,0.00026160161360166967,0.9997185468673706,0.7023255825042725,8.369134434360603e-07
17,wavenumber 12,OOD frequency,population-safe-HB,2,0.9902637115318753,0.7891446158751796,0.4642857142857143,0.014978067949414253,0.5882352941176471,0.9931576961741455,0.41476157307624817,0.5681871771812439,0.04367048665881157,0.5058205127716064,0.044808223843574524,0.6419240880709827,0.0,0.0009814819786697626,0.0003330212493892759,0.999718189239502,0.6741737723350525,1.2456179092623643e-06
17,wavenumber 12,OOD frequency,population-safe-HB,3,0.9883905239258022,0.7270163324333636,0.5357142857142857,0.03776675835251808,0.47619047619047616,0.9910526723192586,0.4450090527534485,0.5911895036697388,0.036097873002290726,0.37395602464675903,0.03801218420267105,0.7539066210696305,0.0,0.000981154153123498,0.0003353578213136643,0.9997183084487915,0.6459302306175232,3.277329767570336e-07
17,wavenumber 12,OOD frequency,spectrum-HB,0,0.8682511569445238,0.3797785270475616,0.14705882352941177,0.0843518003821373,0.21052631578947367,0.9090671899396549,3.9355876445770264,10.100863456726074,0.21173095703125,1.807875633239746,0.2038865089416504,0.9327776532186802,0.0,0.0009751401375979185,0.00023141551355365664,0.9997187852859497,0.6772199273109436,1.6638120996503858e-06
17,wavenumber 12,OOD frequency,spectrum-HB,1,0.8086972083035076,0.10949242788270738,0.1,0.15578247606754303,0.1,0.9016088473053329,3.832610845565796,9.264554023742676,0.2600801885128021,2.1673226356506348,0.26614224910736084,0.9154269483401385,0.0,0.0009757878724485636,0.00026160161360166967,0.9997185468673706,0.7023255825042725,8.369134434360603e-07
17,wavenumber 12,OOD frequency,spectrum-HB,2,0.8528303733059347,0.13625410941928243,0.0379746835443038,0.019997337833046913,0.058823529411764705,0.946633915874643,2.689634084701538,7.37129020690918,0.17752999067306519,0.7748973965644836,0.21115364134311676,0.9197695925593193,0.0,0.0009814819786697626,0.0003330212493892759,0.999718189239502,0.6741737723350525,1.2456179092623643e-06
17,wavenumber 12,OOD frequency,spectrum-HB,3,0.9113652915220837,0.32736092181183307,0.14666666666666667,0.0343194417655468,0.19230769230769232,0.9472183936311578,2.738497257232666,6.96339750289917,0.13550886511802673,0.6609890460968018,0.14403940737247467,0.9171666962542161,0.0,0.000981154153123498,0.0003353578213136643,0.9997183084487915,0.6459302306175232,3.277329767570336e-07
17,wavenumber 12,OOD frequency,population-PCG,0,0.9985716734274124,0.9599124829531008,0.41818181818181815,0.02417582832276821,0.7692307692307693,0.9999637010055205,0.21978290379047394,0.009466702118515968,0.04638899862766266,0.4996820092201233,0.04879279434680939,0.7186835919134933,0.0,0.0009751401375979185,0.00023141551355365664,0.9997187852859497,0.6772199273109436,1.6638120996503858e-06
17,wavenumber 12,OOD frequency,population-PCG,1,0.9974349797184443,0.924296701515953,0.4,0.0774034932255745,0.6923076923076923,0.9999902217505681,0.13047873973846436,0.009392406791448593,0.05698687583208084,0.6910880208015442,0.05893540754914284,0.6463307363659211,0.0,0.0009757878724485636,0.00026160161360166967,0.9997185468673706,0.7023255825042725,8.369134434360603e-07
17,wavenumber 12,OOD frequency,population-PCG,2,0.9837076177895201,0.6935893859626223,0.4642857142857143,0.024768831208348274,0.38461538461538464,0.9999980270239885,0.07045747339725494,0.004709157161414623,0.07061208039522171,0.8692919611930847,0.0718710795044899,0.6031256848564541,0.0,0.0009814819786697626,0.0003330212493892759,0.999718189239502,0.6741737723350525,1.2456179092623643e-06
17,wavenumber 12,OOD frequency,population-PCG,3,0.9921603906952834,0.8550567014709248,0.5357142857142857,0.038555245846509933,0.55,0.999995755207401,0.15231627225875854,0.006305758375674486,0.060179032385349274,0.7434847950935364,0.061869069933891296,0.6143848288621646,0.0,0.000981154153123498,0.0003353578213136643,0.9997183084487915,0.6459302306175232,3.277329767570336e-07
17,wavenumber 12,OOD frequency,exact,0,0.9985145403645089,0.9579456092470966,0.41818181818181815,0.02223571017384529,0.7692307692307693,1.0,5.219431841396727e-05,1.381490164931165e-06,0.04716987535357475,0.5095685124397278,0.0494450181722641,0.709002378828427,nan,nan,nan,nan,nan,1.6638120996503858e-06
17,wavenumber 12,OOD frequency,exact,1,0.9974946313528991,0.9251370376504067,0.4,0.0774034932255745,0.6923076923076923,1.0,4.795111817657016e-05,1.261110810446553e-06,0.057111706584692,0.6935574412345886,0.059034693986177444,0.6457888288514702,nan,nan,nan,nan,nan,8.369134434360603e-07
17,wavenumber 12,OOD frequency,exact,2,0.9837565438622242,0.6921713319214022,0.43859649122807015,0.028174782171845436,0.38461538461538464,1.0,5.149223579792306e-05,1.421365368514671e-06,0.0704851821064949,0.8664003014564514,0.07176186889410019,0.6032489590181898,nan,nan,nan,nan,nan,1.2456179092623643e-06
17,wavenumber 12,OOD frequency,exact,3,0.9922032300903911,0.8549081491207957,0.5357142857142857,0.038555245846509933,0.55,1.0,4.319045547163114e-05,1.3692061884285067e-06,0.06020669266581535,0.7413708567619324,0.06187071651220322,0.6145081714461916,nan,nan,nan,nan,nan,3.277329767570336e-07
