model,scenario,category,n_tasks,balanced_brier_mean,balanced_brier_ci95,balanced_brier_q10,balanced_nll_mean,balanced_nll_ci95,balanced_nll_q10,balanced_ece_mean,balanced_ece_ci95,balanced_ece_q10,uncertainty_error_auc_mean,uncertainty_error_auc_ci95,uncertainty_error_auc_q10,credible_confident_fraction_mean,credible_confident_fraction_ci95,credible_confident_fraction_q10,credible_selective_accuracy_mean,credible_selective_accuracy_ci95,credible_selective_accuracy_q10,mean_score_std_mean,mean_score_std_ci95,mean_score_std_q10
exact,180-degree aperture,OOD aperture,16,0.06016776734031737,0.003390167309497754,0.049355434253811836,0.19809456542134285,0.011877978874216957,0.16120857000350952,0.06729779695160687,0.004706840729742571,0.05229351110756397,0.9107891611136271,0.006554765529129131,0.8990169797538217,0.75762939453125,0.007454650440229221,0.73876953125,0.957731306552887,0.006556126396840425,0.9405323565006256,0.07199662737548351,0.0005139648797667028,0.07067622989416122
exact,30% noise,OOD noise,16,0.03601471963338554,0.0025794349044809747,0.029415897093713284,0.12865543505176902,0.010742157844108239,0.10126308724284172,0.043573161819949746,0.003490432403910054,0.03610552102327347,0.9429095357810875,0.0035123903152380225,0.9331629564716817,0.87200927734375,0.0036083536726016423,0.86181640625,0.9689726680517197,0.003971140358677296,0.9585161507129669,0.06354332342743874,0.00033701475043193145,0.06284204497933388
exact,four obstacles,ID,16,0.022478325990960002,0.0024513852045737385,0.017411514185369015,0.0884245210327208,0.005998186418290292,0.07423756644129753,0.045669915387406945,0.004302104718822128,0.03659205138683319,0.9761701791589692,0.004330089019975478,0.9647013736640175,0.89312744140625,0.00807348890840063,0.87353515625,0.9992440156638622,0.00047126572838000134,0.9977961182594299,0.05931993667036295,0.0005558944595401884,0.05763614736497402
exact,heteroscedastic noise,OOD noise,16,0.017362076265271753,0.0016444863027118718,0.013965471647679806,0.06759653543122113,0.004649510797078507,0.0575234591960907,0.031775193056091666,0.0026770785034370206,0.026315915398299694,0.9718626221303095,0.0028578983111475055,0.9659974056522376,0.891357421875,0.004940543480139649,0.8837890625,0.9976044781506062,0.001722148240324691,0.9944944977760315,0.0650118188932538,0.0004081857171438687,0.06414581462740898
exact,mirrored kites,lsmlab-inspired,16,0.015213333419524133,0.0013860101403597132,0.011882416438311338,0.05913254921324551,0.004048047214132316,0.05016713961958885,0.024747478775680065,0.001977102121322351,0.019524674862623215,0.9776360426037679,0.0021454203579672772,0.9724466169447403,0.91729736328125,0.0035410964544195294,0.9091796875,0.9970034994184971,0.0008556014012740328,0.9951820075511932,0.06684140302240849,0.0003484571615762549,0.06610583513975143
exact,one obstacle,ID,16,0.17876176070421934,0.0053474116457741284,0.16584663838148117,0.46272642351686954,0.011186696700391548,0.43621309101581573,0.30345122143626213,0.004342924689749549,0.29282650351524353,0.9998523958899188,0.00013587257908367098,0.9994209754383512,0.94573974609375,0.009192763410336603,0.9208984375,0.9999999888241291,1.1773426224786906e-08,0.9999999403953552,0.08270771289244294,0.00036272728405861953,0.08195020630955696
exact,six obstacles,OOD count,16,0.05494661792181432,0.007599236301532555,0.03592544049024582,0.1782130217179656,0.019961650577488582,0.12701234221458435,0.05115042254328728,0.004635902449900315,0.04003046825528145,0.9504874374124465,0.004177246921481919,0.9416268879604188,0.8302001953125,0.01384542878981802,0.79833984375,0.9920385107398033,0.0021762729368458964,0.987900584936142,0.05716305831447244,0.0004662146990475094,0.05622106045484543
exact,three obstacles,ID,16,0.017890313640236855,0.0019155092503890055,0.013701465912163258,0.07308887015096843,0.005264609252098714,0.06070338934659958,0.03676704375538975,0.002230193831721336,0.03220008872449398,0.9731506611061983,0.0037017412228943,0.9670144154436103,0.893798828125,0.005972825820741143,0.8798828125,0.9989708140492439,0.0006652966469574499,0.9972617626190186,0.06254220241680741,0.0004546512296523579,0.061228081583976746
exact,three stars,OOD shape,16,0.027233349916059524,0.003132901512114928,0.018867271952331066,0.09943568194285035,0.009016088690787608,0.0762607753276825,0.03168777353130281,0.003005486865618777,0.025130881927907467,0.9655759026081612,0.002950015061410463,0.9588636344925245,0.88397216796875,0.00723433494144826,0.86767578125,0.994668036699295,0.0019902160527685443,0.9878316223621368,0.0629468485713005,0.0004951481722757032,0.06205259449779987
exact,two crescents,OOD shape,16,0.017271622316911817,0.0013373163331698754,0.014458782970905304,0.06858513364568353,0.004547165684285891,0.05593534745275974,0.019818734377622604,0.0017082664807589523,0.015331387985497713,0.9716672163938983,0.0024853717870071796,0.9659546319536036,0.92529296875,0.007002260478929546,0.91015625,0.9898605719208717,0.0019016752094753906,0.9853399693965912,0.06536134984344244,0.0007851004338282591,0.0633736103773117
exact,two obstacles,ID,16,0.01477145467652008,0.002000720816988448,0.009469687007367611,0.05707270558923483,0.005895420883455675,0.04179041460156441,0.025519950839225203,0.0023071960935576565,0.020742280408740044,0.9784759901821769,0.004084881331082844,0.9676035257954034,0.9156494140625,0.00755968872865905,0.896484375,0.9968333169817924,0.0015264229884845288,0.9929615557193756,0.06688847346231341,0.0003754092797830272,0.06589813530445099
exact,wavenumber 12,OOD frequency,16,0.029348786221817136,0.004056360101821147,0.020759806968271732,0.10678732581436634,0.01135496303218082,0.08431376516819,0.07510792091488838,0.004863760762188496,0.06411972641944885,0.990910157405941,0.00276783083247061,0.9846762756487335,0.95709228515625,0.002274627601270563,0.951171875,0.9999363347887993,0.00012473708473250805,0.9999999403953552,0.05403094016946852,0.00035874051417278093,0.05325622111558914
foundation,180-degree aperture,OOD aperture,16,0.060046425787732005,0.0029640174177038917,0.05123856104910374,0.19954675436019897,0.011040649665983025,0.16744223982095718,0.06764174322597682,0.003655949042958349,0.05715903639793396,0.9179002501534813,0.005024727083571707,0.9092752930038186,0.78228759765625,0.006099197398212244,0.7666015625,0.9525900296866894,0.006580986497379976,0.9374751448631287,0.06901484075933695,0.0004751499091732129,0.0674976222217083
foundation,30% noise,OOD noise,16,0.023976156837306917,0.002011891373155126,0.019566256552934647,0.08328194031491876,0.006238794990910766,0.06787152588367462,0.024302543606609106,0.002505678764133398,0.018753324635326862,0.9618302538299037,0.002346098936183782,0.9557443699342751,0.89453125,0.004867392317787874,0.880859375,0.9865599013864994,0.002374512767668603,0.9804033935070038,0.057044899789616466,0.0006418586991103647,0.05549218878149986
foundation,four obstacles,ID,16,0.027609416749328375,0.0037696630297972826,0.018685306422412395,0.10447715874761343,0.01006937163989907,0.07850365713238716,0.06195724452845752,0.003997814537938027,0.05290359631180763,0.9821134000742511,0.002871963815055604,0.9755365526492287,0.90625,0.006231736009444418,0.892578125,0.9997974298894405,0.00028786533262594127,0.999459445476532,0.05311573576182127,0.0006284865544054823,0.05200491100549698
foundation,heteroscedastic noise,OOD noise,16,0.016946144169196486,0.002223093590367871,0.012455304618924856,0.07358908001333475,0.006931943107200262,0.05987005867063999,0.04289284651167691,0.004613932096056445,0.029869461432099342,0.9779715484659637,0.0026584558868969254,0.9712432280037382,0.90386962890625,0.004619493617521644,0.89501953125,0.9995237737894058,0.0005514511544180314,0.9989147782325745,0.05957010551355779,0.00044974712418361057,0.058466386049985886
foundation,mirrored kites,lsmlab-inspired,16,0.014559011673554778,0.001555347140861787,0.011182044632732868,0.05751609965227544,0.004775175126177805,0.04741232469677925,0.02683412958867848,0.002247844823749276,0.021860873326659203,0.978868957060959,0.0020474296404752084,0.9739294546401145,0.92559814453125,0.0031120381795270353,0.91845703125,0.9972319155931473,0.0007955631963168177,0.9952386021614075,0.06303055654279888,0.0004563244720510239,0.06216513551771641
foundation,one obstacle,ID,16,0.12092599691823125,0.004272472448453737,0.11059712618589401,0.3486181404441595,0.008705518661382269,0.32829973101615906,0.25411521922796965,0.004678745433432478,0.2431669756770134,0.9977746671057015,0.0009599740743050658,0.995592556317336,0.91015625,0.012368803585810896,0.87841796875,0.9999999888241291,1.1773426224786906e-08,0.9999999403953552,0.08270422741770744,0.00036281652992310693,0.08194603770971298
foundation,six obstacles,OOD count,16,0.08255206141620874,0.010753890316461836,0.05716316029429436,0.2623171769082546,0.03278187373623291,0.18258589506149292,0.10648313630372286,0.010850407173863305,0.08277145400643349,0.9581686700507652,0.004489068366255325,0.9513322678127947,0.84210205078125,0.01735608890583691,0.80078125,0.9974618814885616,0.0014421979919645182,0.9929435849189758,0.04892438696697354,0.0005502870904869721,0.04787152633070946
foundation,three obstacles,ID,16,0.020585048769135028,0.002667794211809563,0.014300107024610043,0.08597069326788187,0.007781185552394479,0.06642759591341019,0.05234887753613293,0.0037229698019860895,0.04259434714913368,0.9787532605317381,0.0028308739025304603,0.9730587038253333,0.90509033203125,0.005632730576002775,0.8935546875,0.9999999925494194,9.975842387120332e-09,0.9999999701976776,0.05766705982387066,0.000472029936743874,0.05652591213583946
foundation,three stars,OOD shape,16,0.032751554739661515,0.004748770012411943,0.01860347017645836,0.11634937347844243,0.012782300567836826,0.07951654866337776,0.05308543564751744,0.005075257900083888,0.04195651412010193,0.9739043936584715,0.002370255452509397,0.9676662562640984,0.89508056640625,0.007549775123826142,0.87841796875,0.9987695291638374,0.0006742740160500233,0.9978189766407013,0.057677259435877204,0.000568855198335293,0.05665111728012562
foundation,two crescents,OOD shape,16,0.016529227199498564,0.0015220993722358065,0.013561033178120852,0.06616562721319497,0.005206886622089709,0.05196215212345123,0.018294601526577026,0.0017661997462268262,0.014558426570147276,0.9754869743857622,0.002291888031298985,0.9701734993381974,0.9339599609375,0.005336754426840181,0.9208984375,0.9895474538207054,0.0022385147088377307,0.9855693578720093,0.062014649622142315,0.0009348711556161894,0.05971667915582657
foundation,two obstacles,ID,16,0.013518975407350808,0.001632641067149876,0.009595559444278479,0.054216111078858376,0.005642934818297625,0.039108749479055405,0.025551996775902808,0.0019899643891566642,0.021712048910558224,0.9816378210308374,0.0031037875944846817,0.9753688815443002,0.925537109375,0.00606665221970623,0.91162109375,0.9978148825466633,0.001207130459424934,0.9951727986335754,0.06311072665266693,0.0005940346289604332,0.06194375827908516
foundation,wavenumber 12,OOD frequency,16,0.06808335054665804,0.0073706935625348965,0.04632793553173542,0.21755604352802038,0.02376987649608873,0.16603823751211166,0.1326026194728911,0.008547869732672821,0.1082080602645874,0.9902192003025657,0.0019378374158521435,0.9855510577079414,0.96502685546875,0.002496969850319695,0.9599609375,0.9994949251413345,0.0003614671699370524,0.9984791576862335,0.0466301697306335,0.0007791555865543456,0.04473668895661831
